,event,trial,side,gender,age,height,weight,fre_side,VR_exp,game_fre,sport_fre,difficulty,enjoyment,fatigue,personality,familiarity,cut_mean,speed_mean,space_mean
0,1,1,left,0,2,2,4,1,0,0,0,0,1,0,0,1,True,False,True
1,1,1,right,0,2,2,4,1,0,0,0,0,1,0,0,1,True,False,True
2,1,2,left,0,2,2,4,1,0,0,0,0,1,0,0,1,True,False,True
3,1,2,right,0,2,2,4,1,0,0,0,0,1,0,0,1,True,False,True
4,1,3,left,0,2,2,4,1,0,0,0,0,1,0,0,1,True,False,True
5,1,3,right,0,2,2,4,1,0,0,0,0,1,0,0,1,True,False,True
6,2,1,left,0,2,2,4,1,0,0,0,0,1,0,0,1,True,False,False
7,2,1,right,0,2,2,4,1,0,0,0,0,1,0,0,1,True,False,False
8,2,2,left,0,2,2,4,1,0,0,0,0,1,0,0,1,True,False,True
9,2,2,right,0,2,2,4,1,0,0,0,0,1,0,0,1,True,False,True
10,2,3,left,0,2,2,4,1,0,0,0,0,1,0,0,1,True,False,True
11,2,3,right,0,2,2,4,1,0,0,0,0,1,0,0,1,True,False,True
12,3,1,left,0,2,2,4,1,0,0,0,0,1,0,0,1,True,False,False
13,3,1,right,0,2,2,4,1,0,0,0,0,1,0,0,1,True,False,False
14,3,2,left,0,2,2,4,1,0,0,0,0,1,0,0,1,True,False,True
15,3,2,right,0,2,2,4,1,0,0,0,0,1,0,0,1,True,False,True
16,3,3,left,0,2,2,4,1,0,0,0,0,1,0,0,1,True,False,True
17,3,3,right,0,2,2,4,1,0,0,0,0,1,0,0,1,True,False,True
18,5,1,left,0,2,2,4,1,0,0,0,0,1,0,0,1,True,False,False
19,5,1,right,0,2,2,4,1,0,0,0,0,1,0,0,1,True,False,False
20,5,2,left,0,2,2,4,1,0,0,0,0,1,0,0,1,True,False,True
21,5,2,right,0,2,2,4,1,0,0,0,0,1,0,0,1,True,False,True
22,5,3,left,0,2,2,4,1,0,0,0,0,1,0,0,1,True,False,True
23,5,3,right,0,2,2,4,1,0,0,0,0,1,0,0,1,True,False,True
24,1,1,left,0,1,3,4,1,0,0,0,0,1,0,1,0,True,True,True
25,1,1,right,0,1,3,4,1,0,0,0,0,1,0,1,0,True,True,True
26,1,2,left,0,1,3,4,1,0,0,0,0,1,0,1,0,True,True,True
27,1,2,right,0,1,3,4,1,0,0,0,0,1,0,1,0,True,True,True
28,1,3,left,0,1,3,4,1,0,0,0,0,1,0,1,0,True,True,True
29,1,3,right,0,1,3,4,1,0,0,0,0,1,0,1,0,True,True,True
30,2,1,left,0,1,3,4,1,0,0,0,0,1,0,1,0,True,True,True
31,2,1,right,0,1,3,4,1,0,0,0,0,1,0,1,0,True,True,True
32,2,2,left,0,1,3,4,1,0,0,0,0,1,0,1,0,True,True,True
33,2,2,right,0,1,3,4,1,0,0,0,0,1,0,1,0,True,True,True
34,2,3,left,0,1,3,4,1,0,0,0,0,1,0,1,0,True,True,True
35,2,3,right,0,1,3,4,1,0,0,0,0,1,0,1,0,True,True,True
36,3,1,left,0,1,3,4,1,0,0,0,0,1,0,1,0,True,True,True
37,3,1,right,0,1,3,4,1,0,0,0,0,1,0,1,0,True,True,True
38,3,2,left,0,1,3,4,1,0,0,0,0,1,0,1,0,True,True,True
39,3,2,right,0,1,3,4,1,0,0,0,0,1,0,1,0,True,True,True
40,3,3,left,0,1,3,4,1,0,0,0,0,1,0,1,0,True,True,True
41,3,3,right,0,1,3,4,1,0,0,0,0,1,0,1,0,True,True,True
42,5,1,left,0,1,3,4,1,0,0,0,0,1,0,1,0,True,True,True
43,5,1,right,0,1,3,4,1,0,0,0,0,1,0,1,0,True,True,True
44,5,2,left,0,1,3,4,1,0,0,0,0,1,0,1,0,True,True,True
45,5,2,right,0,1,3,4,1,0,0,0,0,1,0,1,0,True,True,True
46,5,3,left,0,1,3,4,1,0,0,0,0,1,0,1,0,True,True,True
47,5,3,right,0,1,3,4,1,0,0,0,0,1,0,1,0,True,True,True
48,1,1,left,0,0,2,2,1,0,0,1,0,1,0,1,0,True,True,True
49,1,1,right,0,0,2,2,1,0,0,1,0,1,0,1,0,True,True,True
50,1,2,left,0,0,2,2,1,0,0,1,0,1,0,1,0,False,True,True
51,1,2,right,0,0,2,2,1,0,0,1,0,1,0,1,0,True,True,True
52,1,3,left,0,0,2,2,1,0,0,1,0,1,0,1,0,False,True,True
53,1,3,right,0,0,2,2,1,0,0,1,0,1,0,1,0,False,True,True
54,2,1,left,0,0,2,2,1,0,0,1,0,1,0,1,0,False,True,True
55,2,1,right,0,0,2,2,1,0,0,1,0,1,0,1,0,False,True,True
56,2,2,left,0,0,2,2,1,0,0,1,0,1,0,1,0,True,True,True
57,2,2,right,0,0,2,2,1,0,0,1,0,1,0,1,0,False,True,True
58,2,3,left,0,0,2,2,1,0,0,1,0,1,0,1,0,False,True,True
59,2,3,right,0,0,2,2,1,0,0,1,0,1,0,1,0,False,True,True
60,3,1,left,0,0,2,2,1,0,0,1,0,1,0,1,0,False,True,True
61,3,1,right,0,0,2,2,1,0,0,1,0,1,0,1,0,False,True,True
62,3,2,left,0,0,2,2,1,0,0,1,0,1,0,1,0,False,True,True
63,3,2,right,0,0,2,2,1,0,0,1,0,1,0,1,0,True,True,True
64,3,3,left,0,0,2,2,1,0,0,1,0,1,0,1,0,False,True,True
65,3,3,right,0,0,2,2,1,0,0,1,0,1,0,1,0,False,True,True
66,5,1,left,0,0,2,2,1,0,0,1,0,1,0,1,0,True,True,True
67,5,1,right,0,0,2,2,1,0,0,1,0,1,0,1,0,False,True,True
68,5,2,left,0,0,2,2,1,0,0,1,0,1,0,1,0,False,True,True
69,5,2,right,0,0,2,2,1,0,0,1,0,1,0,1,0,False,True,True
70,5,3,left,0,0,2,2,1,0,0,1,0,1,0,1,0,False,True,True
71,5,3,right,0,0,2,2,1,0,0,1,0,1,0,1,0,False,True,True
72,1,1,left,0,1,2,1,1,0,0,0,1,1,1,0,0,False,False,True
73,1,1,right,0,1,2,1,1,0,0,0,1,1,1,0,0,False,True,True
74,1,2,left,0,1,2,1,1,0,0,0,1,1,1,0,0,False,True,True
75,1,2,right,0,1,2,1,1,0,0,0,1,1,1,0,0,True,True,True
76,1,3,left,0,1,2,1,1,0,0,0,1,1,1,0,0,False,False,True
77,1,3,right,0,1,2,1,1,0,0,0,1,1,1,0,0,True,True,True
78,2,1,left,0,1,2,1,1,0,0,0,1,1,1,0,0,False,False,True
79,2,1,right,0,1,2,1,1,0,0,0,1,1,1,0,0,False,False,True
80,2,2,left,0,1,2,1,1,0,0,0,1,1,1,0,0,False,False,True
81,2,2,right,0,1,2,1,1,0,0,0,1,1,1,0,0,False,False,True
82,2,3,left,0,1,2,1,1,0,0,0,1,1,1,0,0,False,False,True
83,2,3,right,0,1,2,1,1,0,0,0,1,1,1,0,0,True,False,True
84,3,1,left,0,1,2,1,1,0,0,0,1,1,1,0,0,False,False,True
85,3,1,right,0,1,2,1,1,0,0,0,1,1,1,0,0,True,True,True
86,3,2,left,0,1,2,1,1,0,0,0,1,1,1,0,0,False,False,True
87,3,2,right,0,1,2,1,1,0,0,0,1,1,1,0,0,True,True,True
88,3,3,left,0,1,2,1,1,0,0,0,1,1,1,0,0,True,True,True
89,3,3,right,0,1,2,1,1,0,0,0,1,1,1,0,0,True,True,True
90,5,1,left,0,1,2,1,1,0,0,0,1,1,1,0,0,False,False,False
91,5,1,right,0,1,2,1,1,0,0,0,1,1,1,0,0,False,True,False
92,5,2,left,0,1,2,1,1,0,0,0,1,1,1,0,0,True,True,True
93,5,2,right,0,1,2,1,1,0,0,0,1,1,1,0,0,True,True,True
94,5,3,left,0,1,2,1,1,0,0,0,1,1,1,0,0,True,True,True
95,5,3,right,0,1,2,1,1,0,0,0,1,1,1,0,0,True,True,True
96,1,1,left,1,1,1,0,1,1,0,0,1,1,1,1,1,True,True,True
97,1,1,right,1,1,1,0,1,1,0,0,1,1,1,1,1,True,True,True
98,1,2,left,1,1,1,0,1,1,0,0,1,1,1,1,1,True,True,True
99,1,2,right,1,1,1,0,1,1,0,0,1,1,1,1,1,True,True,True
100,1,3,left,1,1,1,0,1,1,0,0,1,1,1,1,1,True,True,True
101,1,3,right,1,1,1,0,1,1,0,0,1,1,1,1,1,True,True,True
102,2,1,left,1,1,1,0,1,1,0,0,1,1,1,1,1,True,True,True
103,2,1,right,1,1,1,0,1,1,0,0,1,1,1,1,1,True,True,True
104,2,2,left,1,1,1,0,1,1,0,0,1,1,1,1,1,True,True,True
105,2,2,right,1,1,1,0,1,1,0,0,1,1,1,1,1,True,True,True
106,2,3,left,1,1,1,0,1,1,0,0,1,1,1,1,1,True,True,True
107,2,3,right,1,1,1,0,1,1,0,0,1,1,1,1,1,True,True,True
108,3,1,left,1,1,1,0,1,1,0,0,1,1,1,1,1,True,True,True
109,3,1,right,1,1,1,0,1,1,0,0,1,1,1,1,1,True,True,True
110,3,2,left,1,1,1,0,1,1,0,0,1,1,1,1,1,True,True,True
111,3,2,right,1,1,1,0,1,1,0,0,1,1,1,1,1,True,True,True
112,3,3,left,1,1,1,0,1,1,0,0,1,1,1,1,1,True,True,True
113,3,3,right,1,1,1,0,1,1,0,0,1,1,1,1,1,True,True,True
114,5,1,left,1,1,1,0,1,1,0,0,1,1,1,1,1,True,True,True
115,5,1,right,1,1,1,0,1,1,0,0,1,1,1,1,1,True,True,True
116,5,2,left,1,1,1,0,1,1,0,0,1,1,1,1,1,True,True,True
117,5,2,right,1,1,1,0,1,1,0,0,1,1,1,1,1,True,True,True
118,5,3,left,1,1,1,0,1,1,0,0,1,1,1,1,1,True,True,True
119,5,3,right,1,1,1,0,1,1,0,0,1,1,1,1,1,True,True,True
120,1,1,left,1,1,1,3,1,1,1,0,1,1,1,1,1,True,True,True
121,1,1,right,1,1,1,3,1,1,1,0,1,1,1,1,1,True,True,True
122,1,2,left,1,1,1,3,1,1,1,0,1,1,1,1,1,True,True,True
123,1,2,right,1,1,1,3,1,1,1,0,1,1,1,1,1,True,True,True
124,1,3,left,1,1,1,3,1,1,1,0,1,1,1,1,1,True,True,True
125,1,3,right,1,1,1,3,1,1,1,0,1,1,1,1,1,True,True,True
126,2,1,left,1,1,1,3,1,1,1,0,1,1,1,1,1,True,True,True
127,2,1,right,1,1,1,3,1,1,1,0,1,1,1,1,1,True,True,True
128,2,2,left,1,1,1,3,1,1,1,0,1,1,1,1,1,True,True,True
129,2,2,right,1,1,1,3,1,1,1,0,1,1,1,1,1,True,True,True
130,2,3,left,1,1,1,3,1,1,1,0,1,1,1,1,1,True,True,True
131,2,3,right,1,1,1,3,1,1,1,0,1,1,1,1,1,True,True,True
132,3,1,left,1,1,1,3,1,1,1,0,1,1,1,1,1,True,True,True
133,3,1,right,1,1,1,3,1,1,1,0,1,1,1,1,1,True,True,True
134,3,2,left,1,1,1,3,1,1,1,0,1,1,1,1,1,True,True,True
135,3,2,right,1,1,1,3,1,1,1,0,1,1,1,1,1,True,True,True
136,3,3,left,1,1,1,3,1,1,1,0,1,1,1,1,1,True,True,True
137,3,3,right,1,1,1,3,1,1,1,0,1,1,1,1,1,True,True,True
138,5,1,left,1,1,1,3,1,1,1,0,1,1,1,1,1,True,True,True
139,5,1,right,1,1,1,3,1,1,1,0,1,1,1,1,1,True,True,True
140,5,2,left,1,1,1,3,1,1,1,0,1,1,1,1,1,True,True,True
141,5,2,right,1,1,1,3,1,1,1,0,1,1,1,1,1,True,True,True
142,5,3,left,1,1,1,3,1,1,1,0,1,1,1,1,1,True,True,True
143,5,3,right,1,1,1,3,1,1,1,0,1,1,1,1,1,True,True,True
144,1,1,left,1,2,1,1,1,1,0,1,1,0,1,1,0,False,False,True
145,1,1,right,1,2,1,1,1,1,0,1,1,0,1,1,0,False,False,True
146,1,2,left,1,2,1,1,1,1,0,1,1,0,1,1,0,False,False,True
147,1,2,right,1,2,1,1,1,1,0,1,1,0,1,1,0,False,False,True
148,1,3,left,1,2,1,1,1,1,0,1,1,0,1,1,0,False,False,True
149,1,3,right,1,2,1,1,1,1,0,1,1,0,1,1,0,False,True,True
150,2,1,left,1,2,1,1,1,1,0,1,1,0,1,1,0,False,False,False
151,2,1,right,1,2,1,1,1,1,0,1,1,0,1,1,0,False,False,False
152,2,2,left,1,2,1,1,1,1,0,1,1,0,1,1,0,False,False,True
153,2,2,right,1,2,1,1,1,1,0,1,1,0,1,1,0,False,False,True
154,2,3,left,1,2,1,1,1,1,0,1,1,0,1,1,0,False,False,True
155,2,3,right,1,2,1,1,1,1,0,1,1,0,1,1,0,False,False,True
156,3,1,left,1,2,1,1,1,1,0,1,1,0,1,1,0,False,False,False
157,3,1,right,1,2,1,1,1,1,0,1,1,0,1,1,0,False,False,False
158,3,2,left,1,2,1,1,1,1,0,1,1,0,1,1,0,False,True,False
159,3,2,right,1,2,1,1,1,1,0,1,1,0,1,1,0,False,True,False
160,3,3,left,1,2,1,1,1,1,0,1,1,0,1,1,0,True,False,True
161,3,3,right,1,2,1,1,1,1,0,1,1,0,1,1,0,False,False,True
162,5,1,left,1,2,1,1,1,1,0,1,1,0,1,1,0,False,False,True
163,5,1,right,1,2,1,1,1,1,0,1,1,0,1,1,0,False,True,True
164,5,2,left,1,2,1,1,1,1,0,1,1,0,1,1,0,False,False,True
165,5,2,right,1,2,1,1,1,1,0,1,1,0,1,1,0,False,False,True
166,5,3,left,1,2,1,1,1,1,0,1,1,0,1,1,0,False,False,True
167,5,3,right,1,2,1,1,1,1,0,1,1,0,1,1,0,True,True,True
168,1,1,left,1,1,2,2,1,0,0,1,1,1,1,1,0,False,False,False
169,1,1,right,1,1,2,2,1,0,0,1,1,1,1,1,0,False,False,False
170,1,2,left,1,1,2,2,1,0,0,1,1,1,1,1,0,False,False,False
171,1,2,right,1,1,2,2,1,0,0,1,1,1,1,1,0,False,False,False
172,1,3,left,1,1,2,2,1,0,0,1,1,1,1,1,0,False,False,True
173,1,3,right,1,1,2,2,1,0,0,1,1,1,1,1,0,False,False,True
174,2,1,left,1,1,2,2,1,0,0,1,1,1,1,1,0,False,False,False
175,2,1,right,1,1,2,2,1,0,0,1,1,1,1,1,0,False,False,False
176,2,2,left,1,1,2,2,1,0,0,1,1,1,1,1,0,False,False,False
177,2,2,right,1,1,2,2,1,0,0,1,1,1,1,1,0,False,False,False
178,2,3,left,1,1,2,2,1,0,0,1,1,1,1,1,0,False,False,False
179,2,3,right,1,1,2,2,1,0,0,1,1,1,1,1,0,False,False,False
180,3,1,left,1,1,2,2,1,0,0,1,1,1,1,1,0,False,False,False
181,3,1,right,1,1,2,2,1,0,0,1,1,1,1,1,0,False,False,False
182,3,2,left,1,1,2,2,1,0,0,1,1,1,1,1,0,False,False,False
183,3,2,right,1,1,2,2,1,0,0,1,1,1,1,1,0,False,False,False
184,3,3,left,1,1,2,2,1,0,0,1,1,1,1,1,0,False,False,False
185,3,3,right,1,1,2,2,1,0,0,1,1,1,1,1,0,False,False,False
186,5,1,left,1,1,2,2,1,0,0,1,1,1,1,1,0,False,False,False
187,5,1,right,1,1,2,2,1,0,0,1,1,1,1,1,0,False,False,False
188,5,2,left,1,1,2,2,1,0,0,1,1,1,1,1,0,False,False,False
189,5,2,right,1,1,2,2,1,0,0,1,1,1,1,1,0,False,False,False
190,5,3,left,1,1,2,2,1,0,0,1,1,1,1,1,0,True,False,False
191,5,3,right,1,1,2,2,1,0,0,1,1,1,1,1,0,True,False,False
192,1,1,left,1,2,0,2,1,0,1,0,0,1,0,1,0,False,False,True
193,1,1,right,1,2,0,2,1,0,1,0,0,1,0,1,0,False,False,True
194,1,2,left,1,2,0,2,1,0,1,0,0,1,0,1,0,True,False,False
195,1,2,right,1,2,0,2,1,0,1,0,0,1,0,1,0,False,False,False
196,1,3,left,1,2,0,2,1,0,1,0,0,1,0,1,0,False,False,True
197,1,3,right,1,2,0,2,1,0,1,0,0,1,0,1,0,False,False,True
198,2,1,left,1,2,0,2,1,0,1,0,0,1,0,1,0,False,False,True
199,2,1,right,1,2,0,2,1,0,1,0,0,1,0,1,0,False,False,True
200,2,2,left,1,2,0,2,1,0,1,0,0,1,0,1,0,False,False,False
201,2,2,right,1,2,0,2,1,0,1,0,0,1,0,1,0,False,False,False
202,2,3,left,1,2,0,2,1,0,1,0,0,1,0,1,0,False,False,True
203,2,3,right,1,2,0,2,1,0,1,0,0,1,0,1,0,False,False,True
204,3,1,left,1,2,0,2,1,0,1,0,0,1,0,1,0,False,False,True
205,3,1,right,1,2,0,2,1,0,1,0,0,1,0,1,0,True,False,True
206,3,2,left,1,2,0,2,1,0,1,0,0,1,0,1,0,True,True,False
207,3,2,right,1,2,0,2,1,0,1,0,0,1,0,1,0,True,True,False
208,3,3,left,1,2,0,2,1,0,1,0,0,1,0,1,0,False,False,True
209,3,3,right,1,2,0,2,1,0,1,0,0,1,0,1,0,False,False,True
210,5,1,left,1,2,0,2,1,0,1,0,0,1,0,1,0,False,False,True
211,5,1,right,1,2,0,2,1,0,1,0,0,1,0,1,0,False,False,True
212,5,2,left,1,2,0,2,1,0,1,0,0,1,0,1,0,False,False,False
213,5,2,right,1,2,0,2,1,0,1,0,0,1,0,1,0,False,False,False
214,5,3,left,1,2,0,2,1,0,1,0,0,1,0,1,0,False,False,True
215,5,3,right,1,2,0,2,1,0,1,0,0,1,0,1,0,False,False,True
216,1,1,left,0,2,2,2,1,0,1,0,0,0,0,0,0,True,False,True
217,1,1,right,0,2,2,2,1,0,1,0,0,0,0,0,0,True,False,True
218,1,2,left,0,2,2,2,1,0,1,0,0,0,0,0,0,True,True,True
219,1,2,right,0,2,2,2,1,0,1,0,0,0,0,0,0,True,False,True
220,1,3,left,0,2,2,2,1,0,1,0,0,0,0,0,0,True,True,True
221,1,3,right,0,2,2,2,1,0,1,0,0,0,0,0,0,True,False,True
222,2,1,left,0,2,2,2,1,0,1,0,0,0,0,0,0,True,False,False
223,2,1,right,0,2,2,2,1,0,1,0,0,0,0,0,0,True,False,False
224,2,2,left,0,2,2,2,1,0,1,0,0,0,0,0,0,True,True,True
225,2,2,right,0,2,2,2,1,0,1,0,0,0,0,0,0,True,False,True
226,2,3,left,0,2,2,2,1,0,1,0,0,0,0,0,0,True,False,True
227,2,3,right,0,2,2,2,1,0,1,0,0,0,0,0,0,False,False,True
228,3,1,left,0,2,2,2,1,0,1,0,0,0,0,0,0,True,True,False
229,3,1,right,0,2,2,2,1,0,1,0,0,0,0,0,0,True,False,False
230,3,2,left,0,2,2,2,1,0,1,0,0,0,0,0,0,True,False,True
231,3,2,right,0,2,2,2,1,0,1,0,0,0,0,0,0,False,False,True
232,3,3,left,0,2,2,2,1,0,1,0,0,0,0,0,0,True,False,True
233,3,3,right,0,2,2,2,1,0,1,0,0,0,0,0,0,False,True,True
234,5,1,left,0,2,2,2,1,0,1,0,0,0,0,0,0,True,True,False
235,5,1,right,0,2,2,2,1,0,1,0,0,0,0,0,0,False,False,False
236,5,2,left,0,2,2,2,1,0,1,0,0,0,0,0,0,True,True,True
237,5,2,right,0,2,2,2,1,0,1,0,0,0,0,0,0,True,False,True
238,5,3,left,0,2,2,2,1,0,1,0,0,0,0,0,0,True,True,True
239,5,3,right,0,2,2,2,1,0,1,0,0,0,0,0,0,True,True,True
240,1,1,left,0,1,2,4,1,0,0,0,0,1,0,1,0,False,False,False
241,1,1,right,0,1,2,4,1,0,0,0,0,1,0,1,0,False,False,False
242,1,2,left,0,1,2,4,1,0,0,0,0,1,0,1,0,False,False,True
243,1,2,right,0,1,2,4,1,0,0,0,0,1,0,1,0,False,False,True
244,1,3,left,0,1,2,4,1,0,0,0,0,1,0,1,0,False,False,False
245,1,3,right,0,1,2,4,1,0,0,0,0,1,0,1,0,True,False,False
246,2,1,left,0,1,2,4,1,0,0,0,0,1,0,1,0,False,False,False
247,2,1,right,0,1,2,4,1,0,0,0,0,1,0,1,0,False,False,False
248,2,2,left,0,1,2,4,1,0,0,0,0,1,0,1,0,False,False,False
249,2,2,right,0,1,2,4,1,0,0,0,0,1,0,1,0,False,False,False
250,2,3,left,0,1,2,4,1,0,0,0,0,1,0,1,0,True,False,False
251,2,3,right,0,1,2,4,1,0,0,0,0,1,0,1,0,True,False,False
252,3,1,left,0,1,2,4,1,0,0,0,0,1,0,1,0,False,False,False
253,3,1,right,0,1,2,4,1,0,0,0,0,1,0,1,0,False,False,False
254,3,2,left,0,1,2,4,1,0,0,0,0,1,0,1,0,False,False,False
255,3,2,right,0,1,2,4,1,0,0,0,0,1,0,1,0,False,False,False
256,3,3,left,0,1,2,4,1,0,0,0,0,1,0,1,0,False,False,False
257,3,3,right,0,1,2,4,1,0,0,0,0,1,0,1,0,False,False,False
258,5,1,left,0,1,2,4,1,0,0,0,0,1,0,1,0,False,False,False
259,5,1,right,0,1,2,4,1,0,0,0,0,1,0,1,0,False,False,False
260,5,2,left,0,1,2,4,1,0,0,0,0,1,0,1,0,False,False,False
261,5,2,right,0,1,2,4,1,0,0,0,0,1,0,1,0,False,False,False
262,5,3,left,0,1,2,4,1,0,0,0,0,1,0,1,0,True,False,False
263,5,3,right,0,1,2,4,1,0,0,0,0,1,0,1,0,False,False,False
264,1,1,left,0,2,3,3,1,1,0,1,1,1,0,0,0,True,False,False
265,1,1,right,0,2,3,3,1,1,0,1,1,1,0,0,0,True,False,False
266,1,2,left,0,2,3,3,1,1,0,1,1,1,0,0,0,False,False,True
267,1,2,right,0,2,3,3,1,1,0,1,1,1,0,0,0,True,False,True
268,1,3,left,0,2,3,3,1,1,0,1,1,1,0,0,0,False,False,True
269,1,3,right,0,2,3,3,1,1,0,1,1,1,0,0,0,False,False,True
270,2,1,left,0,2,3,3,1,1,0,1,1,1,0,0,0,True,False,False
271,2,1,right,0,2,3,3,1,1,0,1,1,1,0,0,0,False,False,False
272,2,2,left,0,2,3,3,1,1,0,1,1,1,0,0,0,False,False,True
273,2,2,right,0,2,3,3,1,1,0,1,1,1,0,0,0,True,False,True
274,2,3,left,0,2,3,3,1,1,0,1,1,1,0,0,0,False,False,True
275,2,3,right,0,2,3,3,1,1,0,1,1,1,0,0,0,False,False,True
276,3,1,left,0,2,3,3,1,1,0,1,1,1,0,0,0,False,False,False
277,3,1,right,0,2,3,3,1,1,0,1,1,1,0,0,0,True,False,False
278,3,2,left,0,2,3,3,1,1,0,1,1,1,0,0,0,False,False,True
279,3,2,right,0,2,3,3,1,1,0,1,1,1,0,0,0,True,False,True
280,3,3,left,0,2,3,3,1,1,0,1,1,1,0,0,0,False,False,False
281,3,3,right,0,2,3,3,1,1,0,1,1,1,0,0,0,False,True,False
282,5,1,left,0,2,3,3,1,1,0,1,1,1,0,0,0,True,True,True
283,5,1,right,0,2,3,3,1,1,0,1,1,1,0,0,0,False,False,True
284,5,2,left,0,2,3,3,1,1,0,1,1,1,0,0,0,False,False,True
285,5,2,right,0,2,3,3,1,1,0,1,1,1,0,0,0,True,False,True
286,5,3,left,0,2,3,3,1,1,0,1,1,1,0,0,0,False,False,True
287,5,3,right,0,2,3,3,1,1,0,1,1,1,0,0,0,False,False,True
288,1,1,left,0,1,2,3,1,0,1,1,1,1,0,1,0,False,False,True
289,1,1,right,0,1,2,3,1,0,1,1,1,1,0,1,0,False,False,True
290,1,2,left,0,1,2,3,1,0,1,1,1,1,0,1,0,False,False,True
291,1,2,right,0,1,2,3,1,0,1,1,1,1,0,1,0,False,False,True
292,1,3,left,0,1,2,3,1,0,1,1,1,1,0,1,0,False,False,True
293,1,3,right,0,1,2,3,1,0,1,1,1,1,0,1,0,False,False,True
294,2,1,left,0,1,2,3,1,0,1,1,1,1,0,1,0,False,False,True
295,2,1,right,0,1,2,3,1,0,1,1,1,1,0,1,0,False,False,True
296,2,2,left,0,1,2,3,1,0,1,1,1,1,0,1,0,False,False,True
297,2,2,right,0,1,2,3,1,0,1,1,1,1,0,1,0,False,False,True
298,2,3,left,0,1,2,3,1,0,1,1,1,1,0,1,0,False,False,True
299,2,3,right,0,1,2,3,1,0,1,1,1,1,0,1,0,False,False,True
300,3,1,left,0,1,2,3,1,0,1,1,1,1,0,1,0,False,False,True
301,3,1,right,0,1,2,3,1,0,1,1,1,1,0,1,0,False,False,True
302,3,2,left,0,1,2,3,1,0,1,1,1,1,0,1,0,False,False,True
303,3,2,right,0,1,2,3,1,0,1,1,1,1,0,1,0,False,False,True
304,3,3,left,0,1,2,3,1,0,1,1,1,1,0,1,0,False,False,True
305,3,3,right,0,1,2,3,1,0,1,1,1,1,0,1,0,False,False,True
306,5,1,left,0,1,2,3,1,0,1,1,1,1,0,1,0,False,False,True
307,5,1,right,0,1,2,3,1,0,1,1,1,1,0,1,0,False,False,True
308,5,2,left,0,1,2,3,1,0,1,1,1,1,0,1,0,False,False,True
309,5,2,right,0,1,2,3,1,0,1,1,1,1,0,1,0,False,False,True
310,5,3,left,0,1,2,3,1,0,1,1,1,1,0,1,0,False,False,True
311,5,3,right,0,1,2,3,1,0,1,1,1,1,0,1,0,False,False,True
312,1,1,left,0,2,3,4,1,0,1,1,0,0,0,0,0,False,False,False
313,1,1,right,0,2,3,4,1,0,1,1,0,0,0,0,0,False,False,False
314,1,2,left,0,2,3,4,1,0,1,1,0,0,0,0,0,False,False,False
315,1,2,right,0,2,3,4,1,0,1,1,0,0,0,0,0,False,False,False
316,1,3,left,0,2,3,4,1,0,1,1,0,0,0,0,0,False,False,False
317,1,3,right,0,2,3,4,1,0,1,1,0,0,0,0,0,False,False,False
318,2,1,left,0,2,3,4,1,0,1,1,0,0,0,0,0,False,False,False
319,2,1,right,0,2,3,4,1,0,1,1,0,0,0,0,0,False,False,False
320,2,2,left,0,2,3,4,1,0,1,1,0,0,0,0,0,False,False,False
321,2,2,right,0,2,3,4,1,0,1,1,0,0,0,0,0,False,False,False
322,2,3,left,0,2,3,4,1,0,1,1,0,0,0,0,0,False,False,False
323,2,3,right,0,2,3,4,1,0,1,1,0,0,0,0,0,False,False,False
324,3,1,left,0,2,3,4,1,0,1,1,0,0,0,0,0,False,False,False
325,3,1,right,0,2,3,4,1,0,1,1,0,0,0,0,0,False,False,False
326,3,2,left,0,2,3,4,1,0,1,1,0,0,0,0,0,False,False,False
327,3,2,right,0,2,3,4,1,0,1,1,0,0,0,0,0,False,False,False
328,3,3,left,0,2,3,4,1,0,1,1,0,0,0,0,0,False,False,False
329,3,3,right,0,2,3,4,1,0,1,1,0,0,0,0,0,False,False,False
330,5,1,left,0,2,3,4,1,0,1,1,0,0,0,0,0,False,False,False
331,5,1,right,0,2,3,4,1,0,1,1,0,0,0,0,0,False,False,False
332,5,2,left,0,2,3,4,1,0,1,1,0,0,0,0,0,False,False,False
333,5,2,right,0,2,3,4,1,0,1,1,0,0,0,0,0,False,False,False
334,5,3,left,0,2,3,4,1,0,1,1,0,0,0,0,0,False,False,False
335,5,3,right,0,2,3,4,1,0,1,1,0,0,0,0,0,False,False,False
336,1,1,left,1,0,0,0,1,1,0,1,1,1,0,0,0,False,False,True
337,1,1,right,1,0,0,0,1,1,0,1,1,1,0,0,0,False,False,True
338,1,2,left,1,0,0,0,1,1,0,1,1,1,0,0,0,True,False,True
339,1,2,right,1,0,0,0,1,1,0,1,1,1,0,0,0,True,False,True
340,1,3,left,1,0,0,0,1,1,0,1,1,1,0,0,0,True,False,True
341,1,3,right,1,0,0,0,1,1,0,1,1,1,0,0,0,True,True,True
342,2,1,left,1,0,0,0,1,1,0,1,1,1,0,0,0,False,False,True
343,2,1,right,1,0,0,0,1,1,0,1,1,1,0,0,0,False,False,True
344,2,2,left,1,0,0,0,1,1,0,1,1,1,0,0,0,True,False,False
345,2,2,right,1,0,0,0,1,1,0,1,1,1,0,0,0,False,False,False
346,2,3,left,1,0,0,0,1,1,0,1,1,1,0,0,0,True,False,False
347,2,3,right,1,0,0,0,1,1,0,1,1,1,0,0,0,True,True,False
348,3,1,left,1,0,0,0,1,1,0,1,1,1,0,0,0,False,False,True
349,3,1,right,1,0,0,0,1,1,0,1,1,1,0,0,0,False,False,True
350,3,2,left,1,0,0,0,1,1,0,1,1,1,0,0,0,False,False,False
351,3,2,right,1,0,0,0,1,1,0,1,1,1,0,0,0,False,False,False
352,3,3,left,1,0,0,0,1,1,0,1,1,1,0,0,0,True,False,True
353,3,3,right,1,0,0,0,1,1,0,1,1,1,0,0,0,True,True,True
354,5,1,left,1,0,0,0,1,1,0,1,1,1,0,0,0,False,False,True
355,5,1,right,1,0,0,0,1,1,0,1,1,1,0,0,0,False,False,True
356,5,2,left,1,0,0,0,1,1,0,1,1,1,0,0,0,True,False,True
357,5,2,right,1,0,0,0,1,1,0,1,1,1,0,0,0,True,False,True
358,5,3,left,1,0,0,0,1,1,0,1,1,1,0,0,0,True,False,True
359,5,3,right,1,0,0,0,1,1,0,1,1,1,0,0,0,True,True,True
360,1,1,left,1,0,1,1,1,0,0,0,1,1,0,0,0,True,False,True
361,1,1,right,1,0,1,1,1,0,0,0,1,1,0,0,0,True,False,True
362,1,2,left,1,0,1,1,1,0,0,0,1,1,0,0,0,True,False,True
363,1,2,right,1,0,1,1,1,0,0,0,1,1,0,0,0,True,False,True
364,1,3,left,1,0,1,1,1,0,0,0,1,1,0,0,0,True,False,True
365,1,3,right,1,0,1,1,1,0,0,0,1,1,0,0,0,True,False,True
366,2,1,left,1,0,1,1,1,0,0,0,1,1,0,0,0,True,False,True
367,2,1,right,1,0,1,1,1,0,0,0,1,1,0,0,0,True,False,True
368,2,2,left,1,0,1,1,1,0,0,0,1,1,0,0,0,True,False,True
369,2,2,right,1,0,1,1,1,0,0,0,1,1,0,0,0,False,False,True
370,2,3,left,1,0,1,1,1,0,0,0,1,1,0,0,0,True,False,True
371,2,3,right,1,0,1,1,1,0,0,0,1,1,0,0,0,True,False,True
372,3,1,left,1,0,1,1,1,0,0,0,1,1,0,0,0,False,False,False
373,3,1,right,1,0,1,1,1,0,0,0,1,1,0,0,0,False,False,False
374,3,2,left,1,0,1,1,1,0,0,0,1,1,0,0,0,True,False,True
375,3,2,right,1,0,1,1,1,0,0,0,1,1,0,0,0,False,False,True
376,3,3,left,1,0,1,1,1,0,0,0,1,1,0,0,0,True,False,False
377,3,3,right,1,0,1,1,1,0,0,0,1,1,0,0,0,True,True,False
378,5,1,left,1,0,1,1,1,0,0,0,1,1,0,0,0,True,False,False
379,5,1,right,1,0,1,1,1,0,0,0,1,1,0,0,0,True,True,False
380,5,2,left,1,0,1,1,1,0,0,0,1,1,0,0,0,True,False,True
381,5,2,right,1,0,1,1,1,0,0,0,1,1,0,0,0,True,False,True
382,5,3,left,1,0,1,1,1,0,0,0,1,1,0,0,0,True,False,False
383,5,3,right,1,0,1,1,1,0,0,0,1,1,0,0,0,True,False,False
384,1,1,left,1,0,1,1,1,0,0,0,1,1,0,0,0,False,False,False
385,1,1,right,1,0,1,1,1,0,0,0,1,1,0,0,0,False,False,False
386,1,2,left,1,0,1,1,1,0,0,0,1,1,0,0,0,False,False,False
387,1,2,right,1,0,1,1,1,0,0,0,1,1,0,0,0,False,False,False
388,1,3,left,1,0,1,1,1,0,0,0,1,1,0,0,0,False,False,True
389,1,3,right,1,0,1,1,1,0,0,0,1,1,0,0,0,False,False,True
390,2,1,left,1,0,1,1,1,0,0,0,1,1,0,0,0,False,False,False
391,2,1,right,1,0,1,1,1,0,0,0,1,1,0,0,0,False,False,False
392,2,2,left,1,0,1,1,1,0,0,0,1,1,0,0,0,False,False,False
393,2,2,right,1,0,1,1,1,0,0,0,1,1,0,0,0,False,False,False
394,2,3,left,1,0,1,1,1,0,0,0,1,1,0,0,0,False,False,True
395,2,3,right,1,0,1,1,1,0,0,0,1,1,0,0,0,False,False,True
396,3,1,left,1,0,1,1,1,0,0,0,1,1,0,0,0,False,False,False
397,3,1,right,1,0,1,1,1,0,0,0,1,1,0,0,0,False,False,False
398,3,2,left,1,0,1,1,1,0,0,0,1,1,0,0,0,False,False,False
399,3,2,right,1,0,1,1,1,0,0,0,1,1,0,0,0,False,False,False
400,3,3,left,1,0,1,1,1,0,0,0,1,1,0,0,0,False,False,True
401,3,3,right,1,0,1,1,1,0,0,0,1,1,0,0,0,False,False,True
402,5,1,left,1,0,1,1,1,0,0,0,1,1,0,0,0,False,False,False
403,5,1,right,1,0,1,1,1,0,0,0,1,1,0,0,0,False,False,False
404,5,2,left,1,0,1,1,1,0,0,0,1,1,0,0,0,True,False,False
405,5,2,right,1,0,1,1,1,0,0,0,1,1,0,0,0,False,False,False
406,5,3,left,1,0,1,1,1,0,0,0,1,1,0,0,0,False,True,True
407,5,3,right,1,0,1,1,1,0,0,0,1,1,0,0,0,False,True,True
408,1,1,left,0,1,2,3,1,1,1,0,1,0,0,0,0,False,False,True
409,1,1,right,0,1,2,3,1,1,1,0,1,0,0,0,0,False,False,True
410,1,2,left,0,1,2,3,1,1,1,0,1,0,0,0,0,False,True,True
411,1,2,right,0,1,2,3,1,1,1,0,1,0,0,0,0,False,True,True
412,1,3,left,0,1,2,3,1,1,1,0,1,0,0,0,0,False,False,True
413,1,3,right,0,1,2,3,1,1,1,0,1,0,0,0,0,False,True,True
414,2,1,left,0,1,2,3,1,1,1,0,1,0,0,0,0,False,False,True
415,2,1,right,0,1,2,3,1,1,1,0,1,0,0,0,0,False,False,True
416,2,2,left,0,1,2,3,1,1,1,0,1,0,0,0,0,False,False,True
417,2,2,right,0,1,2,3,1,1,1,0,1,0,0,0,0,False,True,True
418,2,3,left,0,1,2,3,1,1,1,0,1,0,0,0,0,False,False,True
419,2,3,right,0,1,2,3,1,1,1,0,1,0,0,0,0,False,False,True
420,3,1,left,0,1,2,3,1,1,1,0,1,0,0,0,0,False,True,True
421,3,1,right,0,1,2,3,1,1,1,0,1,0,0,0,0,False,False,True
422,3,2,left,0,1,2,3,1,1,1,0,1,0,0,0,0,False,False,False
423,3,2,right,0,1,2,3,1,1,1,0,1,0,0,0,0,False,False,False
424,3,3,left,0,1,2,3,1,1,1,0,1,0,0,0,0,True,True,True
425,3,3,right,0,1,2,3,1,1,1,0,1,0,0,0,0,False,False,True
426,5,1,left,0,1,2,3,1,1,1,0,1,0,0,0,0,False,False,True
427,5,1,right,0,1,2,3,1,1,1,0,1,0,0,0,0,False,False,True
428,5,2,left,0,1,2,3,1,1,1,0,1,0,0,0,0,False,False,True
429,5,2,right,0,1,2,3,1,1,1,0,1,0,0,0,0,False,False,True
430,5,3,left,0,1,2,3,1,1,1,0,1,0,0,0,0,False,False,True
431,5,3,right,0,1,2,3,1,1,1,0,1,0,0,0,0,False,False,True
432,1,1,left,0,2,2,1,1,0,0,1,0,0,1,0,0,False,False,False
433,1,1,right,0,2,2,1,1,0,0,1,0,0,1,0,0,False,False,False
434,1,2,left,0,2,2,1,1,0,0,1,0,0,1,0,0,True,False,False
435,1,2,right,0,2,2,1,1,0,0,1,0,0,1,0,0,True,False,False
436,1,3,left,0,2,2,1,1,0,0,1,0,0,1,0,0,True,False,False
437,1,3,right,0,2,2,1,1,0,0,1,0,0,1,0,0,True,False,False
438,2,1,left,0,2,2,1,1,0,0,1,0,0,1,0,0,False,False,False
439,2,1,right,0,2,2,1,1,0,0,1,0,0,1,0,0,False,False,False
440,2,2,left,0,2,2,1,1,0,0,1,0,0,1,0,0,True,False,False
441,2,2,right,0,2,2,1,1,0,0,1,0,0,1,0,0,True,False,False
442,2,3,left,0,2,2,1,1,0,0,1,0,0,1,0,0,True,False,False
443,2,3,right,0,2,2,1,1,0,0,1,0,0,1,0,0,True,False,False
444,3,1,left,0,2,2,1,1,0,0,1,0,0,1,0,0,False,False,False
445,3,1,right,0,2,2,1,1,0,0,1,0,0,1,0,0,False,False,False
446,3,2,left,0,2,2,1,1,0,0,1,0,0,1,0,0,True,True,False
447,3,2,right,0,2,2,1,1,0,0,1,0,0,1,0,0,False,False,False
448,3,3,left,0,2,2,1,1,0,0,1,0,0,1,0,0,False,False,False
449,3,3,right,0,2,2,1,1,0,0,1,0,0,1,0,0,False,False,False
450,5,1,left,0,2,2,1,1,0,0,1,0,0,1,0,0,True,False,False
451,5,1,right,0,2,2,1,1,0,0,1,0,0,1,0,0,True,False,False
452,5,2,left,0,2,2,1,1,0,0,1,0,0,1,0,0,True,False,False
453,5,2,right,0,2,2,1,1,0,0,1,0,0,1,0,0,True,False,False
454,5,3,left,0,2,2,1,1,0,0,1,0,0,1,0,0,True,False,False
455,5,3,right,0,2,2,1,1,0,0,1,0,0,1,0,0,True,False,False
456,1,1,left,0,1,2,3,1,1,1,0,0,1,0,1,1,True,True,True
457,1,1,right,0,1,2,3,1,1,1,0,0,1,0,1,1,True,True,True
458,1,2,left,0,1,2,3,1,1,1,0,0,1,0,1,1,True,True,True
459,1,2,right,0,1,2,3,1,1,1,0,0,1,0,1,1,True,True,True
460,1,3,left,0,1,2,3,1,1,1,0,0,1,0,1,1,True,True,True
461,1,3,right,0,1,2,3,1,1,1,0,0,1,0,1,1,True,True,True
462,2,1,left,0,1,2,3,1,1,1,0,0,1,0,1,1,True,True,True
463,2,1,right,0,1,2,3,1,1,1,0,0,1,0,1,1,True,True,True
464,2,2,left,0,1,2,3,1,1,1,0,0,1,0,1,1,True,True,True
465,2,2,right,0,1,2,3,1,1,1,0,0,1,0,1,1,True,True,True
466,2,3,left,0,1,2,3,1,1,1,0,0,1,0,1,1,True,True,True
467,2,3,right,0,1,2,3,1,1,1,0,0,1,0,1,1,True,True,True
468,3,1,left,0,1,2,3,1,1,1,0,0,1,0,1,1,True,True,False
469,3,1,right,0,1,2,3,1,1,1,0,0,1,0,1,1,True,True,False
470,3,2,left,0,1,2,3,1,1,1,0,0,1,0,1,1,True,True,False
471,3,2,right,0,1,2,3,1,1,1,0,0,1,0,1,1,True,True,False
472,3,3,left,0,1,2,3,1,1,1,0,0,1,0,1,1,True,True,True
473,3,3,right,0,1,2,3,1,1,1,0,0,1,0,1,1,True,True,True
474,5,1,left,0,1,2,3,1,1,1,0,0,1,0,1,1,True,True,True
475,5,1,right,0,1,2,3,1,1,1,0,0,1,0,1,1,True,True,True
476,5,2,left,0,1,2,3,1,1,1,0,0,1,0,1,1,True,True,True
477,5,2,right,0,1,2,3,1,1,1,0,0,1,0,1,1,True,True,True
478,5,3,left,0,1,2,3,1,1,1,0,0,1,0,1,1,True,True,True
479,5,3,right,0,1,2,3,1,1,1,0,0,1,0,1,1,True,True,True
480,1,1,left,1,0,1,1,1,0,1,1,1,1,1,0,0,True,True,False
481,1,1,right,1,0,1,1,1,0,1,1,1,1,1,0,0,True,True,False
482,1,2,left,1,0,1,1,1,0,1,1,1,1,1,0,0,True,True,False
483,1,2,right,1,0,1,1,1,0,1,1,1,1,1,0,0,True,True,False
484,1,3,left,1,0,1,1,1,0,1,1,1,1,1,0,0,True,True,True
485,1,3,right,1,0,1,1,1,0,1,1,1,1,1,0,0,True,True,True
486,2,1,left,1,0,1,1,1,0,1,1,1,1,1,0,0,True,True,False
487,2,1,right,1,0,1,1,1,0,1,1,1,1,1,0,0,True,True,False
488,2,2,left,1,0,1,1,1,0,1,1,1,1,1,0,0,True,True,False
489,2,2,right,1,0,1,1,1,0,1,1,1,1,1,0,0,True,True,False
490,2,3,left,1,0,1,1,1,0,1,1,1,1,1,0,0,True,True,True
491,2,3,right,1,0,1,1,1,0,1,1,1,1,1,0,0,True,True,True
492,3,1,left,1,0,1,1,1,0,1,1,1,1,1,0,0,True,True,False
493,3,1,right,1,0,1,1,1,0,1,1,1,1,1,0,0,True,True,False
494,3,2,left,1,0,1,1,1,0,1,1,1,1,1,0,0,True,True,False
495,3,2,right,1,0,1,1,1,0,1,1,1,1,1,0,0,False,True,False
496,3,3,left,1,0,1,1,1,0,1,1,1,1,1,0,0,True,True,False
497,3,3,right,1,0,1,1,1,0,1,1,1,1,1,0,0,False,True,False
498,5,1,left,1,0,1,1,1,0,1,1,1,1,1,0,0,False,True,False
499,5,1,right,1,0,1,1,1,0,1,1,1,1,1,0,0,True,True,False
500,5,2,left,1,0,1,1,1,0,1,1,1,1,1,0,0,True,True,False
501,5,2,right,1,0,1,1,1,0,1,1,1,1,1,0,0,True,True,False
502,5,3,left,1,0,1,1,1,0,1,1,1,1,1,0,0,True,True,False
503,5,3,right,1,0,1,1,1,0,1,1,1,1,1,0,0,True,True,False
504,1,1,left,1,0,2,3,1,1,0,0,0,0,0,0,0,True,True,True
505,1,1,right,1,0,2,3,1,1,0,0,0,0,0,0,0,True,True,True
506,1,2,left,1,0,2,3,1,1,0,0,0,0,0,0,0,True,True,True
507,1,2,right,1,0,2,3,1,1,0,0,0,0,0,0,0,True,False,True
508,1,3,left,1,0,2,3,1,1,0,0,0,0,0,0,0,True,True,True
509,1,3,right,1,0,2,3,1,1,0,0,0,0,0,0,0,True,True,True
510,2,1,left,1,0,2,3,1,1,0,0,0,0,0,0,0,True,True,True
511,2,1,right,1,0,2,3,1,1,0,0,0,0,0,0,0,True,True,True
512,2,2,left,1,0,2,3,1,1,0,0,0,0,0,0,0,True,True,True
513,2,2,right,1,0,2,3,1,1,0,0,0,0,0,0,0,True,True,True
514,2,3,left,1,0,2,3,1,1,0,0,0,0,0,0,0,True,True,True
515,2,3,right,1,0,2,3,1,1,0,0,0,0,0,0,0,True,True,True
516,3,1,left,1,0,2,3,1,1,0,0,0,0,0,0,0,True,True,True
517,3,1,right,1,0,2,3,1,1,0,0,0,0,0,0,0,True,True,True
518,3,2,left,1,0,2,3,1,1,0,0,0,0,0,0,0,False,False,True
519,3,2,right,1,0,2,3,1,1,0,0,0,0,0,0,0,True,True,True
520,3,3,left,1,0,2,3,1,1,0,0,0,0,0,0,0,True,False,True
521,3,3,right,1,0,2,3,1,1,0,0,0,0,0,0,0,True,True,True
522,5,1,left,1,0,2,3,1,1,0,0,0,0,0,0,0,True,True,True
523,5,1,right,1,0,2,3,1,1,0,0,0,0,0,0,0,True,True,True
524,5,2,left,1,0,2,3,1,1,0,0,0,0,0,0,0,True,True,True
525,5,2,right,1,0,2,3,1,1,0,0,0,0,0,0,0,True,True,True
526,5,3,left,1,0,2,3,1,1,0,0,0,0,0,0,0,True,True,True
527,5,3,right,1,0,2,3,1,1,0,0,0,0,0,0,0,True,True,True
528,1,1,left,0,2,1,3,1,1,1,0,1,1,0,0,0,False,True,False
529,1,1,right,0,2,1,3,1,1,1,0,1,1,0,0,0,False,True,False
530,1,2,left,0,2,1,3,1,1,1,0,1,1,0,0,0,True,True,False
531,1,2,right,0,2,1,3,1,1,1,0,1,1,0,0,0,True,True,False
532,1,3,left,0,2,1,3,1,1,1,0,1,1,0,0,0,True,True,False
533,1,3,right,0,2,1,3,1,1,1,0,1,1,0,0,0,True,True,False
534,2,1,left,0,2,1,3,1,1,1,0,1,1,0,0,0,False,False,False
535,2,1,right,0,2,1,3,1,1,1,0,1,1,0,0,0,False,True,False
536,2,2,left,0,2,1,3,1,1,1,0,1,1,0,0,0,True,True,False
537,2,2,right,0,2,1,3,1,1,1,0,1,1,0,0,0,True,True,False
538,2,3,left,0,2,1,3,1,1,1,0,1,1,0,0,0,True,True,False
539,2,3,right,0,2,1,3,1,1,1,0,1,1,0,0,0,True,True,False
540,3,1,left,0,2,1,3,1,1,1,0,1,1,0,0,0,False,False,False
541,3,1,right,0,2,1,3,1,1,1,0,1,1,0,0,0,False,False,False
542,3,2,left,0,2,1,3,1,1,1,0,1,1,0,0,0,True,True,False
543,3,2,right,0,2,1,3,1,1,1,0,1,1,0,0,0,True,True,False
544,3,3,left,0,2,1,3,1,1,1,0,1,1,0,0,0,True,True,False
545,3,3,right,0,2,1,3,1,1,1,0,1,1,0,0,0,True,True,False
546,5,1,left,0,2,1,3,1,1,1,0,1,1,0,0,0,False,True,False
547,5,1,right,0,2,1,3,1,1,1,0,1,1,0,0,0,False,True,False
548,5,2,left,0,2,1,3,1,1,1,0,1,1,0,0,0,True,True,False
549,5,2,right,0,2,1,3,1,1,1,0,1,1,0,0,0,True,True,False
550,5,3,left,0,2,1,3,1,1,1,0,1,1,0,0,0,True,True,False
551,5,3,right,0,2,1,3,1,1,1,0,1,1,0,0,0,True,True,False
552,1,1,left,1,2,1,2,1,1,1,0,1,1,1,1,1,True,True,True
553,1,1,right,1,2,1,2,1,1,1,0,1,1,1,1,1,True,True,True
554,1,2,left,1,2,1,2,1,1,1,0,1,1,1,1,1,True,True,True
555,1,2,right,1,2,1,2,1,1,1,0,1,1,1,1,1,True,True,True
556,1,3,left,1,2,1,2,1,1,1,0,1,1,1,1,1,True,True,True
557,1,3,right,1,2,1,2,1,1,1,0,1,1,1,1,1,True,True,True
558,2,1,left,1,2,1,2,1,1,1,0,1,1,1,1,1,True,True,False
559,2,1,right,1,2,1,2,1,1,1,0,1,1,1,1,1,True,True,False
560,2,2,left,1,2,1,2,1,1,1,0,1,1,1,1,1,True,True,False
561,2,2,right,1,2,1,2,1,1,1,0,1,1,1,1,1,True,True,False
562,2,3,left,1,2,1,2,1,1,1,0,1,1,1,1,1,True,False,False
563,2,3,right,1,2,1,2,1,1,1,0,1,1,1,1,1,True,False,False
564,3,1,left,1,2,1,2,1,1,1,0,1,1,1,1,1,True,True,False
565,3,1,right,1,2,1,2,1,1,1,0,1,1,1,1,1,False,False,False
566,3,2,left,1,2,1,2,1,1,1,0,1,1,1,1,1,True,False,False
567,3,2,right,1,2,1,2,1,1,1,0,1,1,1,1,1,True,False,False
568,3,3,left,1,2,1,2,1,1,1,0,1,1,1,1,1,True,True,True
569,3,3,right,1,2,1,2,1,1,1,0,1,1,1,1,1,True,True,True
570,5,1,left,1,2,1,2,1,1,1,0,1,1,1,1,1,True,True,True
571,5,1,right,1,2,1,2,1,1,1,0,1,1,1,1,1,True,True,True
572,5,2,left,1,2,1,2,1,1,1,0,1,1,1,1,1,True,False,True
573,5,2,right,1,2,1,2,1,1,1,0,1,1,1,1,1,True,True,True
574,5,3,left,1,2,1,2,1,1,1,0,1,1,1,1,1,True,False,True
575,5,3,right,1,2,1,2,1,1,1,0,1,1,1,1,1,True,True,True
576,1,1,left,1,2,1,1,1,0,0,1,1,1,1,0,0,True,True,True
577,1,1,right,1,2,1,1,1,0,0,1,1,1,1,0,0,False,True,True
578,1,2,left,1,2,1,1,1,0,0,1,1,1,1,0,0,True,True,True
579,1,2,right,1,2,1,1,1,0,0,1,1,1,1,0,0,True,True,True
580,1,3,left,1,2,1,1,1,0,0,1,1,1,1,0,0,True,True,True
581,1,3,right,1,2,1,1,1,0,0,1,1,1,1,0,0,True,False,True
582,2,1,left,1,2,1,1,1,0,0,1,1,1,1,0,0,True,True,True
583,2,1,right,1,2,1,1,1,0,0,1,1,1,1,0,0,False,True,True
584,2,2,left,1,2,1,1,1,0,0,1,1,1,1,0,0,True,False,False
585,2,2,right,1,2,1,1,1,0,0,1,1,1,1,0,0,True,True,False
586,2,3,left,1,2,1,1,1,0,0,1,1,1,1,0,0,True,False,False
587,2,3,right,1,2,1,1,1,0,0,1,1,1,1,0,0,True,False,False
588,3,1,left,1,2,1,1,1,0,0,1,1,1,1,0,0,False,True,True
589,3,1,right,1,2,1,1,1,0,0,1,1,1,1,0,0,True,True,True
590,3,2,left,1,2,1,1,1,0,0,1,1,1,1,0,0,True,True,True
591,3,2,right,1,2,1,1,1,0,0,1,1,1,1,0,0,True,True,True
592,3,3,left,1,2,1,1,1,0,0,1,1,1,1,0,0,True,False,True
593,3,3,right,1,2,1,1,1,0,0,1,1,1,1,0,0,True,True,True
594,5,1,left,1,2,1,1,1,0,0,1,1,1,1,0,0,False,True,True
595,5,1,right,1,2,1,1,1,0,0,1,1,1,1,0,0,False,True,True
596,5,2,left,1,2,1,1,1,0,0,1,1,1,1,0,0,True,True,True
597,5,2,right,1,2,1,1,1,0,0,1,1,1,1,0,0,True,True,True
598,5,3,left,1,2,1,1,1,0,0,1,1,1,1,0,0,True,True,True
599,5,3,right,1,2,1,1,1,0,0,1,1,1,1,0,0,True,True,True
600,1,1,left,0,2,3,3,1,1,0,0,1,1,0,1,0,False,True,True
601,1,1,right,0,2,3,3,1,1,0,0,1,1,0,1,0,False,True,True
602,1,2,left,0,2,3,3,1,1,0,0,1,1,0,1,0,True,True,True
603,1,2,right,0,2,3,3,1,1,0,0,1,1,0,1,0,True,True,True
604,1,3,left,0,2,3,3,1,1,0,0,1,1,0,1,0,True,True,True
605,1,3,right,0,2,3,3,1,1,0,0,1,1,0,1,0,True,True,True
606,2,1,left,0,2,3,3,1,1,0,0,1,1,0,1,0,True,True,False
607,2,1,right,0,2,3,3,1,1,0,0,1,1,0,1,0,False,True,False
608,2,2,left,0,2,3,3,1,1,0,0,1,1,0,1,0,True,True,False
609,2,2,right,0,2,3,3,1,1,0,0,1,1,0,1,0,True,True,False
610,2,3,left,0,2,3,3,1,1,0,0,1,1,0,1,0,True,True,False
611,2,3,right,0,2,3,3,1,1,0,0,1,1,0,1,0,True,True,False
612,3,1,left,0,2,3,3,1,1,0,0,1,1,0,1,0,False,False,True
613,3,1,right,0,2,3,3,1,1,0,0,1,1,0,1,0,False,True,True
614,3,2,left,0,2,3,3,1,1,0,0,1,1,0,1,0,False,True,True
615,3,2,right,0,2,3,3,1,1,0,0,1,1,0,1,0,True,True,True
616,3,3,left,0,2,3,3,1,1,0,0,1,1,0,1,0,False,True,True
617,3,3,right,0,2,3,3,1,1,0,0,1,1,0,1,0,True,True,True
618,5,1,left,0,2,3,3,1,1,0,0,1,1,0,1,0,False,True,True
619,5,1,right,0,2,3,3,1,1,0,0,1,1,0,1,0,False,True,True
620,5,2,left,0,2,3,3,1,1,0,0,1,1,0,1,0,True,True,True
621,5,2,right,0,2,3,3,1,1,0,0,1,1,0,1,0,True,True,True
622,5,3,left,0,2,3,3,1,1,0,0,1,1,0,1,0,True,True,True
623,5,3,right,0,2,3,3,1,1,0,0,1,1,0,1,0,True,True,True
624,1,1,left,0,1,2,2,1,1,0,0,1,1,1,0,1,False,False,False
625,1,1,right,0,1,2,2,1,1,0,0,1,1,1,0,1,False,True,False
626,1,2,left,0,1,2,2,1,1,0,0,1,1,1,0,1,False,False,False
627,1,2,right,0,1,2,2,1,1,0,0,1,1,1,0,1,False,True,False
628,1,3,left,0,1,2,2,1,1,0,0,1,1,1,0,1,False,False,False
629,1,3,right,0,1,2,2,1,1,0,0,1,1,1,0,1,False,False,False
630,2,1,left,0,1,2,2,1,1,0,0,1,1,1,0,1,False,False,False
631,2,1,right,0,1,2,2,1,1,0,0,1,1,1,0,1,False,False,False
632,2,2,left,0,1,2,2,1,1,0,0,1,1,1,0,1,False,False,False
633,2,2,right,0,1,2,2,1,1,0,0,1,1,1,0,1,False,False,False
634,2,3,left,0,1,2,2,1,1,0,0,1,1,1,0,1,False,False,False
635,2,3,right,0,1,2,2,1,1,0,0,1,1,1,0,1,False,False,False
636,3,1,left,0,1,2,2,1,1,0,0,1,1,1,0,1,True,True,False
637,3,1,right,0,1,2,2,1,1,0,0,1,1,1,0,1,True,True,False
638,3,2,left,0,1,2,2,1,1,0,0,1,1,1,0,1,False,False,False
639,3,2,right,0,1,2,2,1,1,0,0,1,1,1,0,1,True,True,False
640,3,3,left,0,1,2,2,1,1,0,0,1,1,1,0,1,True,True,False
641,3,3,right,0,1,2,2,1,1,0,0,1,1,1,0,1,False,True,False
642,5,1,left,0,1,2,2,1,1,0,0,1,1,1,0,1,True,True,False
643,5,1,right,0,1,2,2,1,1,0,0,1,1,1,0,1,False,True,False
644,5,2,left,0,1,2,2,1,1,0,0,1,1,1,0,1,False,False,False
645,5,2,right,0,1,2,2,1,1,0,0,1,1,1,0,1,False,False,False
646,5,3,left,0,1,2,2,1,1,0,0,1,1,1,0,1,False,False,False
647,5,3,right,0,1,2,2,1,1,0,0,1,1,1,0,1,False,False,False
648,1,1,left,0,0,2,2,1,0,1,0,0,0,0,0,0,False,False,False
649,1,1,right,0,0,2,2,1,0,1,0,0,0,0,0,0,False,True,False
650,1,2,left,0,0,2,2,1,0,1,0,0,0,0,0,0,False,False,True
651,1,2,right,0,0,2,2,1,0,1,0,0,0,0,0,0,True,True,True
652,1,3,left,0,0,2,2,1,0,1,0,0,0,0,0,0,False,False,True
653,1,3,right,0,0,2,2,1,0,1,0,0,0,0,0,0,False,True,True
654,2,1,left,0,0,2,2,1,0,1,0,0,0,0,0,0,False,False,False
655,2,1,right,0,0,2,2,1,0,1,0,0,0,0,0,0,False,True,False
656,2,2,left,0,0,2,2,1,0,1,0,0,0,0,0,0,False,False,False
657,2,2,right,0,0,2,2,1,0,1,0,0,0,0,0,0,False,False,False
658,2,3,left,0,0,2,2,1,0,1,0,0,0,0,0,0,False,False,True
659,2,3,right,0,0,2,2,1,0,1,0,0,0,0,0,0,False,False,True
660,3,1,left,0,0,2,2,1,0,1,0,0,0,0,0,0,False,False,False
661,3,1,right,0,0,2,2,1,0,1,0,0,0,0,0,0,False,True,False
662,3,2,left,0,0,2,2,1,0,1,0,0,0,0,0,0,True,False,True
663,3,2,right,0,0,2,2,1,0,1,0,0,0,0,0,0,False,True,True
664,3,3,left,0,0,2,2,1,0,1,0,0,0,0,0,0,False,False,True
665,3,3,right,0,0,2,2,1,0,1,0,0,0,0,0,0,False,False,True
666,5,1,left,0,0,2,2,1,0,1,0,0,0,0,0,0,False,False,False
667,5,1,right,0,0,2,2,1,0,1,0,0,0,0,0,0,False,True,False
668,5,2,left,0,0,2,2,1,0,1,0,0,0,0,0,0,False,False,False
669,5,2,right,0,0,2,2,1,0,1,0,0,0,0,0,0,True,True,False
670,5,3,left,0,0,2,2,1,0,1,0,0,0,0,0,0,False,False,True
671,5,3,right,0,0,2,2,1,0,1,0,0,0,0,0,0,False,True,True
672,1,1,left,0,1,2,3,1,0,1,0,1,1,0,0,1,True,True,True
673,1,1,right,0,1,2,3,1,0,1,0,1,1,0,0,1,True,True,True
674,1,2,left,0,1,2,3,1,0,1,0,1,1,0,0,1,True,True,True
675,1,2,right,0,1,2,3,1,0,1,0,1,1,0,0,1,True,True,True
676,1,3,left,0,1,2,3,1,0,1,0,1,1,0,0,1,True,True,True
677,1,3,right,0,1,2,3,1,0,1,0,1,1,0,0,1,True,True,True
678,2,1,left,0,1,2,3,1,0,1,0,1,1,0,0,1,True,True,True
679,2,1,right,0,1,2,3,1,0,1,0,1,1,0,0,1,True,True,True
680,2,2,left,0,1,2,3,1,0,1,0,1,1,0,0,1,True,True,True
681,2,2,right,0,1,2,3,1,0,1,0,1,1,0,0,1,True,True,True
682,2,3,left,0,1,2,3,1,0,1,0,1,1,0,0,1,True,False,True
683,2,3,right,0,1,2,3,1,0,1,0,1,1,0,0,1,True,False,True
684,3,1,left,0,1,2,3,1,0,1,0,1,1,0,0,1,True,True,False
685,3,1,right,0,1,2,3,1,0,1,0,1,1,0,0,1,True,True,False
686,3,2,left,0,1,2,3,1,0,1,0,1,1,0,0,1,True,True,True
687,3,2,right,0,1,2,3,1,0,1,0,1,1,0,0,1,True,True,True
688,3,3,left,0,1,2,3,1,0,1,0,1,1,0,0,1,True,True,True
689,3,3,right,0,1,2,3,1,0,1,0,1,1,0,0,1,False,True,True
690,5,1,left,0,1,2,3,1,0,1,0,1,1,0,0,1,True,True,False
691,5,1,right,0,1,2,3,1,0,1,0,1,1,0,0,1,True,True,False
692,5,2,left,0,1,2,3,1,0,1,0,1,1,0,0,1,True,True,True
693,5,2,right,0,1,2,3,1,0,1,0,1,1,0,0,1,True,True,True
694,5,3,left,0,1,2,3,1,0,1,0,1,1,0,0,1,True,False,True
695,5,3,right,0,1,2,3,1,0,1,0,1,1,0,0,1,True,False,True
696,1,1,left,0,0,3,4,1,0,1,0,1,1,0,1,0,False,False,False
697,1,1,right,0,0,3,4,1,0,1,0,1,1,0,1,0,False,False,False
698,1,2,left,0,0,3,4,1,0,1,0,1,1,0,1,0,False,False,False
699,1,2,right,0,0,3,4,1,0,1,0,1,1,0,1,0,False,False,False
700,1,3,left,0,0,3,4,1,0,1,0,1,1,0,1,0,False,False,True
701,1,3,right,0,0,3,4,1,0,1,0,1,1,0,1,0,False,False,True
702,2,1,left,0,0,3,4,1,0,1,0,1,1,0,1,0,False,False,False
703,2,1,right,0,0,3,4,1,0,1,0,1,1,0,1,0,False,False,False
704,2,2,left,0,0,3,4,1,0,1,0,1,1,0,1,0,False,False,True
705,2,2,right,0,0,3,4,1,0,1,0,1,1,0,1,0,False,False,True
706,2,3,left,0,0,3,4,1,0,1,0,1,1,0,1,0,False,False,True
707,2,3,right,0,0,3,4,1,0,1,0,1,1,0,1,0,False,False,True
708,3,1,left,0,0,3,4,1,0,1,0,1,1,0,1,0,False,False,False
709,3,1,right,0,0,3,4,1,0,1,0,1,1,0,1,0,True,True,False
710,3,2,left,0,0,3,4,1,0,1,0,1,1,0,1,0,False,False,False
711,3,2,right,0,0,3,4,1,0,1,0,1,1,0,1,0,False,False,False
712,3,3,left,0,0,3,4,1,0,1,0,1,1,0,1,0,False,True,True
713,3,3,right,0,0,3,4,1,0,1,0,1,1,0,1,0,False,False,True
714,5,1,left,0,0,3,4,1,0,1,0,1,1,0,1,0,False,False,False
715,5,1,right,0,0,3,4,1,0,1,0,1,1,0,1,0,True,True,False
716,5,2,left,0,0,3,4,1,0,1,0,1,1,0,1,0,False,False,False
717,5,2,right,0,0,3,4,1,0,1,0,1,1,0,1,0,False,False,False
718,5,3,left,0,0,3,4,1,0,1,0,1,1,0,1,0,False,False,True
719,5,3,right,0,0,3,4,1,0,1,0,1,1,0,1,0,False,False,True
720,1,1,left,0,0,1,1,1,0,1,0,0,1,0,0,1,False,True,True
721,1,1,right,0,0,1,1,1,0,1,0,0,1,0,0,1,False,True,True
722,1,2,left,0,0,1,1,1,0,1,0,0,1,0,0,1,False,False,True
723,1,2,right,0,0,1,1,1,0,1,0,0,1,0,0,1,False,True,True
724,1,3,left,0,0,1,1,1,0,1,0,0,1,0,0,1,True,False,True
725,1,3,right,0,0,1,1,1,0,1,0,0,1,0,0,1,True,True,True
726,2,1,left,0,0,1,1,1,0,1,0,0,1,0,0,1,False,False,False
727,2,1,right,0,0,1,1,1,0,1,0,0,1,0,0,1,False,True,False
728,2,2,left,0,0,1,1,1,0,1,0,0,1,0,0,1,False,False,True
729,2,2,right,0,0,1,1,1,0,1,0,0,1,0,0,1,False,False,True
730,2,3,left,0,0,1,1,1,0,1,0,0,1,0,0,1,True,False,False
731,2,3,right,0,0,1,1,1,0,1,0,0,1,0,0,1,True,False,False
732,3,1,left,0,0,1,1,1,0,1,0,0,1,0,0,1,False,True,False
733,3,1,right,0,0,1,1,1,0,1,0,0,1,0,0,1,False,False,False
734,3,2,left,0,0,1,1,1,0,1,0,0,1,0,0,1,True,True,True
735,3,2,right,0,0,1,1,1,0,1,0,0,1,0,0,1,True,True,True
736,3,3,left,0,0,1,1,1,0,1,0,0,1,0,0,1,True,True,False
737,3,3,right,0,0,1,1,1,0,1,0,0,1,0,0,1,False,False,False
738,5,1,left,0,0,1,1,1,0,1,0,0,1,0,0,1,True,True,False
739,5,1,right,0,0,1,1,1,0,1,0,0,1,0,0,1,False,True,False
740,5,2,left,0,0,1,1,1,0,1,0,0,1,0,0,1,False,False,True
741,5,2,right,0,0,1,1,1,0,1,0,0,1,0,0,1,False,True,True
742,5,3,left,0,0,1,1,1,0,1,0,0,1,0,0,1,True,False,False
743,5,3,right,0,0,1,1,1,0,1,0,0,1,0,0,1,True,False,False
744,1,1,left,0,0,3,4,1,0,1,1,1,1,0,0,1,False,False,False
745,1,1,right,0,0,3,4,1,0,1,1,1,1,0,0,1,False,False,False
746,1,2,left,0,0,3,4,1,0,1,1,1,1,0,0,1,False,False,False
747,1,2,right,0,0,3,4,1,0,1,1,1,1,0,0,1,False,False,False
748,1,3,left,0,0,3,4,1,0,1,1,1,1,0,0,1,False,False,True
749,1,3,right,0,0,3,4,1,0,1,1,1,1,0,0,1,False,False,True
750,2,1,left,0,0,3,4,1,0,1,1,1,1,0,0,1,False,False,False
751,2,1,right,0,0,3,4,1,0,1,1,1,1,0,0,1,False,False,False
752,2,2,left,0,0,3,4,1,0,1,1,1,1,0,0,1,False,False,False
753,2,2,right,0,0,3,4,1,0,1,1,1,1,0,0,1,False,False,False
754,2,3,left,0,0,3,4,1,0,1,1,1,1,0,0,1,False,False,False
755,2,3,right,0,0,3,4,1,0,1,1,1,1,0,0,1,False,False,False
756,3,1,left,0,0,3,4,1,0,1,1,1,1,0,0,1,False,False,False
757,3,1,right,0,0,3,4,1,0,1,1,1,1,0,0,1,False,False,False
758,3,2,left,0,0,3,4,1,0,1,1,1,1,0,0,1,True,False,False
759,3,2,right,0,0,3,4,1,0,1,1,1,1,0,0,1,False,True,False
760,3,3,left,0,0,3,4,1,0,1,1,1,1,0,0,1,False,False,False
761,3,3,right,0,0,3,4,1,0,1,1,1,1,0,0,1,False,False,False
762,5,1,left,0,0,3,4,1,0,1,1,1,1,0,0,1,False,False,False
763,5,1,right,0,0,3,4,1,0,1,1,1,1,0,0,1,False,False,False
764,5,2,left,0,0,3,4,1,0,1,1,1,1,0,0,1,False,False,False
765,5,2,right,0,0,3,4,1,0,1,1,1,1,0,0,1,False,False,False
766,5,3,left,0,0,3,4,1,0,1,1,1,1,0,0,1,False,False,False
767,5,3,right,0,0,3,4,1,0,1,1,1,1,0,0,1,False,False,False
768,1,1,left,0,1,1,2,1,0,0,0,1,0,1,1,1,True,True,False
769,1,1,right,0,1,1,2,1,0,0,0,1,0,1,1,1,True,True,False
770,1,2,left,0,1,1,2,1,0,0,0,1,0,1,1,1,True,True,True
771,1,2,right,0,1,1,2,1,0,0,0,1,0,1,1,1,True,True,True
772,1,3,left,0,1,1,2,1,0,0,0,1,0,1,1,1,True,True,True
773,1,3,right,0,1,1,2,1,0,0,0,1,0,1,1,1,True,False,True
774,2,1,left,0,1,1,2,1,0,0,0,1,0,1,1,1,True,True,False
775,2,1,right,0,1,1,2,1,0,0,0,1,0,1,1,1,True,True,False
776,2,2,left,0,1,1,2,1,0,0,0,1,0,1,1,1,True,False,False
777,2,2,right,0,1,1,2,1,0,0,0,1,0,1,1,1,True,False,False
778,2,3,left,0,1,1,2,1,0,0,0,1,0,1,1,1,True,False,False
779,2,3,right,0,1,1,2,1,0,0,0,1,0,1,1,1,True,True,False
780,3,1,left,0,1,1,2,1,0,0,0,1,0,1,1,1,True,True,False
781,3,1,right,0,1,1,2,1,0,0,0,1,0,1,1,1,True,True,False
782,3,2,left,0,1,1,2,1,0,0,0,1,0,1,1,1,True,True,False
783,3,2,right,0,1,1,2,1,0,0,0,1,0,1,1,1,True,True,False
784,3,3,left,0,1,1,2,1,0,0,0,1,0,1,1,1,True,True,False
785,3,3,right,0,1,1,2,1,0,0,0,1,0,1,1,1,True,False,False
786,5,1,left,0,1,1,2,1,0,0,0,1,0,1,1,1,True,True,False
787,5,1,right,0,1,1,2,1,0,0,0,1,0,1,1,1,True,True,False
788,5,2,left,0,1,1,2,1,0,0,0,1,0,1,1,1,True,True,False
789,5,2,right,0,1,1,2,1,0,0,0,1,0,1,1,1,True,True,False
790,5,3,left,0,1,1,2,1,0,0,0,1,0,1,1,1,True,False,False
791,5,3,right,0,1,1,2,1,0,0,0,1,0,1,1,1,True,True,False
792,1,1,left,0,0,2,2,1,1,1,0,1,1,1,0,0,False,False,False
793,1,1,right,0,0,2,2,1,1,1,0,1,1,1,0,0,False,False,False
794,1,2,left,0,0,2,2,1,1,1,0,1,1,1,0,0,False,False,False
795,1,2,right,0,0,2,2,1,1,1,0,1,1,1,0,0,False,False,False
796,1,3,left,0,0,2,2,1,1,1,0,1,1,1,0,0,False,False,False
797,1,3,right,0,0,2,2,1,1,1,0,1,1,1,0,0,False,False,False
798,2,1,left,0,0,2,2,1,1,1,0,1,1,1,0,0,False,False,False
799,2,1,right,0,0,2,2,1,1,1,0,1,1,1,0,0,False,False,False
800,2,2,left,0,0,2,2,1,1,1,0,1,1,1,0,0,False,False,False
801,2,2,right,0,0,2,2,1,1,1,0,1,1,1,0,0,False,False,False
802,2,3,left,0,0,2,2,1,1,1,0,1,1,1,0,0,False,False,False
803,2,3,right,0,0,2,2,1,1,1,0,1,1,1,0,0,False,False,False
804,3,1,left,0,0,2,2,1,1,1,0,1,1,1,0,0,False,False,False
805,3,1,right,0,0,2,2,1,1,1,0,1,1,1,0,0,False,False,False
806,3,2,left,0,0,2,2,1,1,1,0,1,1,1,0,0,False,False,False
807,3,2,right,0,0,2,2,1,1,1,0,1,1,1,0,0,False,False,False
808,3,3,left,0,0,2,2,1,1,1,0,1,1,1,0,0,False,False,False
809,3,3,right,0,0,2,2,1,1,1,0,1,1,1,0,0,False,False,False
810,5,1,left,0,0,2,2,1,1,1,0,1,1,1,0,0,False,False,False
811,5,1,right,0,0,2,2,1,1,1,0,1,1,1,0,0,False,False,False
812,5,2,left,0,0,2,2,1,1,1,0,1,1,1,0,0,False,False,False
813,5,2,right,0,0,2,2,1,1,1,0,1,1,1,0,0,False,False,False
814,5,3,left,0,0,2,2,1,1,1,0,1,1,1,0,0,False,False,False
815,5,3,right,0,0,2,2,1,1,1,0,1,1,1,0,0,False,False,False
816,1,1,left,0,2,2,4,0,0,1,0,1,0,0,1,0,False,True,False
817,1,1,right,0,2,2,4,0,0,1,0,1,0,0,1,0,False,True,False
818,1,2,left,0,2,2,4,0,0,1,0,1,0,0,1,0,True,True,True
819,1,2,right,0,2,2,4,0,0,1,0,1,0,0,1,0,True,True,True
820,1,3,left,0,2,2,4,0,0,1,0,1,0,0,1,0,True,True,False
821,1,3,right,0,2,2,4,0,0,1,0,1,0,0,1,0,True,True,False
822,2,1,left,0,2,2,4,0,0,1,0,1,0,0,1,0,False,True,False
823,2,1,right,0,2,2,4,0,0,1,0,1,0,0,1,0,False,True,False
824,2,2,left,0,2,2,4,0,0,1,0,1,0,0,1,0,True,True,False
825,2,2,right,0,2,2,4,0,0,1,0,1,0,0,1,0,True,True,False
826,2,3,left,0,2,2,4,0,0,1,0,1,0,0,1,0,True,True,False
827,2,3,right,0,2,2,4,0,0,1,0,1,0,0,1,0,True,True,False
828,3,1,left,0,2,2,4,0,0,1,0,1,0,0,1,0,False,True,False
829,3,1,right,0,2,2,4,0,0,1,0,1,0,0,1,0,False,True,False
830,3,2,left,0,2,2,4,0,0,1,0,1,0,0,1,0,True,True,False
831,3,2,right,0,2,2,4,0,0,1,0,1,0,0,1,0,False,True,False
832,3,3,left,0,2,2,4,0,0,1,0,1,0,0,1,0,True,True,False
833,3,3,right,0,2,2,4,0,0,1,0,1,0,0,1,0,True,True,False
834,5,1,left,0,2,2,4,0,0,1,0,1,0,0,1,0,False,True,False
835,5,1,right,0,2,2,4,0,0,1,0,1,0,0,1,0,True,True,False
836,5,2,left,0,2,2,4,0,0,1,0,1,0,0,1,0,True,True,False
837,5,2,right,0,2,2,4,0,0,1,0,1,0,0,1,0,True,True,False
838,5,3,left,0,2,2,4,0,0,1,0,1,0,0,1,0,True,True,False
839,5,3,right,0,2,2,4,0,0,1,0,1,0,0,1,0,True,True,False
840,1,1,left,1,1,1,1,1,0,0,0,0,1,0,0,0,False,False,False
841,1,1,right,1,1,1,1,1,0,0,0,0,1,0,0,0,False,False,False
842,1,2,left,1,1,1,1,1,0,0,0,0,1,0,0,0,False,True,False
843,1,2,right,1,1,1,1,1,0,0,0,0,1,0,0,0,False,True,False
844,1,3,left,1,1,1,1,1,0,0,0,0,1,0,0,0,False,True,True
845,1,3,right,1,1,1,1,1,0,0,0,0,1,0,0,0,False,True,True
846,2,1,left,1,1,1,1,1,0,0,0,0,1,0,0,0,False,False,False
847,2,1,right,1,1,1,1,1,0,0,0,0,1,0,0,0,False,False,False
848,2,2,left,1,1,1,1,1,0,0,0,0,1,0,0,0,False,False,False
849,2,2,right,1,1,1,1,1,0,0,0,0,1,0,0,0,False,True,False
850,2,3,left,1,1,1,1,1,0,0,0,0,1,0,0,0,False,False,False
851,2,3,right,1,1,1,1,1,0,0,0,0,1,0,0,0,False,True,False
852,3,1,left,1,1,1,1,1,0,0,0,0,1,0,0,0,False,False,False
853,3,1,right,1,1,1,1,1,0,0,0,0,1,0,0,0,False,False,False
854,3,2,left,1,1,1,1,1,0,0,0,0,1,0,0,0,False,True,False
855,3,2,right,1,1,1,1,1,0,0,0,0,1,0,0,0,False,False,False
856,3,3,left,1,1,1,1,1,0,0,0,0,1,0,0,0,False,True,False
857,3,3,right,1,1,1,1,1,0,0,0,0,1,0,0,0,False,False,False
858,5,1,left,1,1,1,1,1,0,0,0,0,1,0,0,0,False,False,False
859,5,1,right,1,1,1,1,1,0,0,0,0,1,0,0,0,False,False,False
860,5,2,left,1,1,1,1,1,0,0,0,0,1,0,0,0,False,False,False
861,5,2,right,1,1,1,1,1,0,0,0,0,1,0,0,0,False,True,False
862,5,3,left,1,1,1,1,1,0,0,0,0,1,0,0,0,False,True,False
863,5,3,right,1,1,1,1,1,0,0,0,0,1,0,0,0,False,True,False
864,1,1,left,1,0,0,0,1,1,1,0,1,1,0,0,1,False,True,False
865,1,1,right,1,0,0,0,1,1,1,0,1,1,0,0,1,True,True,False
866,1,2,left,1,0,0,0,1,1,1,0,1,1,0,0,1,True,True,True
867,1,2,right,1,0,0,0,1,1,1,0,1,1,0,0,1,True,True,True
868,1,3,left,1,0,0,0,1,1,1,0,1,1,0,0,1,True,True,True
869,1,3,right,1,0,0,0,1,1,1,0,1,1,0,0,1,True,True,True
870,2,1,left,1,0,0,0,1,1,1,0,1,1,0,0,1,False,True,False
871,2,1,right,1,0,0,0,1,1,1,0,1,1,0,0,1,True,True,False
872,2,2,left,1,0,0,0,1,1,1,0,1,1,0,0,1,True,True,True
873,2,2,right,1,0,0,0,1,1,1,0,1,1,0,0,1,True,True,True
874,2,3,left,1,0,0,0,1,1,1,0,1,1,0,0,1,True,True,True
875,2,3,right,1,0,0,0,1,1,1,0,1,1,0,0,1,True,True,True
876,3,1,left,1,0,0,0,1,1,1,0,1,1,0,0,1,False,True,False
877,3,1,right,1,0,0,0,1,1,1,0,1,1,0,0,1,True,True,False
878,3,2,left,1,0,0,0,1,1,1,0,1,1,0,0,1,True,True,False
879,3,2,right,1,0,0,0,1,1,1,0,1,1,0,0,1,True,True,False
880,3,3,left,1,0,0,0,1,1,1,0,1,1,0,0,1,True,True,False
881,3,3,right,1,0,0,0,1,1,1,0,1,1,0,0,1,True,True,False
882,5,1,left,1,0,0,0,1,1,1,0,1,1,0,0,1,False,True,False
883,5,1,right,1,0,0,0,1,1,1,0,1,1,0,0,1,False,True,False
884,5,2,left,1,0,0,0,1,1,1,0,1,1,0,0,1,True,True,True
885,5,2,right,1,0,0,0,1,1,1,0,1,1,0,0,1,True,True,True
886,5,3,left,1,0,0,0,1,1,1,0,1,1,0,0,1,True,True,False
887,5,3,right,1,0,0,0,1,1,1,0,1,1,0,0,1,True,True,False
888,1,1,left,1,0,2,2,1,0,0,1,0,1,0,1,0,False,False,False
889,1,1,right,1,0,2,2,1,0,0,1,0,1,0,1,0,False,False,False
890,1,2,left,1,0,2,2,1,0,0,1,0,1,0,1,0,False,True,False
891,1,2,right,1,0,2,2,1,0,0,1,0,1,0,1,0,False,False,False
892,1,3,left,1,0,2,2,1,0,0,1,0,1,0,1,0,True,True,True
893,1,3,right,1,0,2,2,1,0,0,1,0,1,0,1,0,False,True,True
894,2,1,left,1,0,2,2,1,0,0,1,0,1,0,1,0,False,False,False
895,2,1,right,1,0,2,2,1,0,0,1,0,1,0,1,0,False,False,False
896,2,2,left,1,0,2,2,1,0,0,1,0,1,0,1,0,False,False,False
897,2,2,right,1,0,2,2,1,0,0,1,0,1,0,1,0,False,False,False
898,2,3,left,1,0,2,2,1,0,0,1,0,1,0,1,0,False,False,False
899,2,3,right,1,0,2,2,1,0,0,1,0,1,0,1,0,False,False,False
900,3,1,left,1,0,2,2,1,0,0,1,0,1,0,1,0,False,False,False
901,3,1,right,1,0,2,2,1,0,0,1,0,1,0,1,0,True,True,False
902,3,2,left,1,0,2,2,1,0,0,1,0,1,0,1,0,True,True,False
903,3,2,right,1,0,2,2,1,0,0,1,0,1,0,1,0,False,False,False
904,3,3,left,1,0,2,2,1,0,0,1,0,1,0,1,0,False,False,False
905,3,3,right,1,0,2,2,1,0,0,1,0,1,0,1,0,False,False,False
906,5,1,left,1,0,2,2,1,0,0,1,0,1,0,1,0,False,False,False
907,5,1,right,1,0,2,2,1,0,0,1,0,1,0,1,0,False,False,False
908,5,2,left,1,0,2,2,1,0,0,1,0,1,0,1,0,True,True,False
909,5,2,right,1,0,2,2,1,0,0,1,0,1,0,1,0,False,True,False
910,5,3,left,1,0,2,2,1,0,0,1,0,1,0,1,0,True,True,False
911,5,3,right,1,0,2,2,1,0,0,1,0,1,0,1,0,True,True,False
912,1,1,left,1,0,1,2,1,0,0,1,1,1,1,0,0,True,True,False
913,1,1,right,1,0,1,2,1,0,0,1,1,1,1,0,0,False,False,False
914,1,2,left,1,0,1,2,1,0,0,1,1,1,1,0,0,True,True,True
915,1,2,right,1,0,1,2,1,0,0,1,1,1,1,0,0,True,True,True
916,1,3,left,1,0,1,2,1,0,0,1,1,1,1,0,0,True,True,True
917,1,3,right,1,0,1,2,1,0,0,1,1,1,1,0,0,True,True,True
918,2,1,left,1,0,1,2,1,0,0,1,1,1,1,0,0,True,False,False
919,2,1,right,1,0,1,2,1,0,0,1,1,1,1,0,0,False,False,False
920,2,2,left,1,0,1,2,1,0,0,1,1,1,1,0,0,True,True,True
921,2,2,right,1,0,1,2,1,0,0,1,1,1,1,0,0,True,True,True
922,2,3,left,1,0,1,2,1,0,0,1,1,1,1,0,0,True,True,True
923,2,3,right,1,0,1,2,1,0,0,1,1,1,1,0,0,True,True,True
924,3,1,left,1,0,1,2,1,0,0,1,1,1,1,0,0,False,False,False
925,3,1,right,1,0,1,2,1,0,0,1,1,1,1,0,0,False,False,False
926,3,2,left,1,0,1,2,1,0,0,1,1,1,1,0,0,True,True,False
927,3,2,right,1,0,1,2,1,0,0,1,1,1,1,0,0,True,False,False
928,3,3,left,1,0,1,2,1,0,0,1,1,1,1,0,0,True,True,True
929,3,3,right,1,0,1,2,1,0,0,1,1,1,1,0,0,True,True,True
930,5,1,left,1,0,1,2,1,0,0,1,1,1,1,0,0,False,False,False
931,5,1,right,1,0,1,2,1,0,0,1,1,1,1,0,0,False,False,False
932,5,2,left,1,0,1,2,1,0,0,1,1,1,1,0,0,True,True,True
933,5,2,right,1,0,1,2,1,0,0,1,1,1,1,0,0,True,True,True
934,5,3,left,1,0,1,2,1,0,0,1,1,1,1,0,0,True,True,True
935,5,3,right,1,0,1,2,1,0,0,1,1,1,1,0,0,True,True,True
936,1,1,left,0,0,3,3,1,0,1,0,0,1,0,0,0,True,False,False
937,1,1,right,0,0,3,3,1,0,1,0,0,1,0,0,0,True,True,False
938,1,2,left,0,0,3,3,1,0,1,0,0,1,0,0,0,True,False,True
939,1,2,right,0,0,3,3,1,0,1,0,0,1,0,0,0,True,False,True
940,1,3,left,0,0,3,3,1,0,1,0,0,1,0,0,0,False,False,True
941,1,3,right,0,0,3,3,1,0,1,0,0,1,0,0,0,False,True,True
942,2,1,left,0,0,3,3,1,0,1,0,0,1,0,0,0,True,False,False
943,2,1,right,0,0,3,3,1,0,1,0,0,1,0,0,0,True,False,False
944,2,2,left,0,0,3,3,1,0,1,0,0,1,0,0,0,True,False,True
945,2,2,right,0,0,3,3,1,0,1,0,0,1,0,0,0,True,False,True
946,2,3,left,0,0,3,3,1,0,1,0,0,1,0,0,0,False,False,True
947,2,3,right,0,0,3,3,1,0,1,0,0,1,0,0,0,False,False,True
948,3,1,left,0,0,3,3,1,0,1,0,0,1,0,0,0,True,False,False
949,3,1,right,0,0,3,3,1,0,1,0,0,1,0,0,0,True,True,False
950,3,2,left,0,0,3,3,1,0,1,0,0,1,0,0,0,True,False,True
951,3,2,right,0,0,3,3,1,0,1,0,0,1,0,0,0,True,True,True
952,3,3,left,0,0,3,3,1,0,1,0,0,1,0,0,0,True,True,True
953,3,3,right,0,0,3,3,1,0,1,0,0,1,0,0,0,True,False,True
954,5,1,left,0,0,3,3,1,0,1,0,0,1,0,0,0,True,False,False
955,5,1,right,0,0,3,3,1,0,1,0,0,1,0,0,0,True,False,False
956,5,2,left,0,0,3,3,1,0,1,0,0,1,0,0,0,True,False,True
957,5,2,right,0,0,3,3,1,0,1,0,0,1,0,0,0,True,False,True
958,5,3,left,0,0,3,3,1,0,1,0,0,1,0,0,0,False,True,True
959,5,3,right,0,0,3,3,1,0,1,0,0,1,0,0,0,False,True,True
960,1,1,left,0,0,2,3,1,0,0,1,1,1,0,0,0,False,True,True
961,1,1,right,0,0,2,3,1,0,0,1,1,1,0,0,0,False,False,True
962,1,2,left,0,0,2,3,1,0,0,1,1,1,0,0,0,False,True,True
963,1,2,right,0,0,2,3,1,0,0,1,1,1,0,0,0,False,True,True
964,1,3,left,0,0,2,3,1,0,0,1,1,1,0,0,0,False,True,False
965,1,3,right,0,0,2,3,1,0,0,1,1,1,0,0,0,False,True,False
966,2,1,left,0,0,2,3,1,0,0,1,1,1,0,0,0,False,False,False
967,2,1,right,0,0,2,3,1,0,0,1,1,1,0,0,0,False,True,False
968,2,2,left,0,0,2,3,1,0,0,1,1,1,0,0,0,False,True,True
969,2,2,right,0,0,2,3,1,0,0,1,1,1,0,0,0,False,True,True
970,2,3,left,0,0,2,3,1,0,0,1,1,1,0,0,0,False,False,False
971,2,3,right,0,0,2,3,1,0,0,1,1,1,0,0,0,False,False,False
972,3,1,left,0,0,2,3,1,0,0,1,1,1,0,0,0,False,True,False
973,3,1,right,0,0,2,3,1,0,0,1,1,1,0,0,0,False,True,False
974,3,2,left,0,0,2,3,1,0,0,1,1,1,0,0,0,False,True,False
975,3,2,right,0,0,2,3,1,0,0,1,1,1,0,0,0,False,True,False
976,3,3,left,0,0,2,3,1,0,0,1,1,1,0,0,0,False,True,False
977,3,3,right,0,0,2,3,1,0,0,1,1,1,0,0,0,False,True,False
978,5,1,left,0,0,2,3,1,0,0,1,1,1,0,0,0,False,False,True
979,5,1,right,0,0,2,3,1,0,0,1,1,1,0,0,0,False,True,True
980,5,2,left,0,0,2,3,1,0,0,1,1,1,0,0,0,False,True,True
981,5,2,right,0,0,2,3,1,0,0,1,1,1,0,0,0,False,True,True
982,5,3,left,0,0,2,3,1,0,0,1,1,1,0,0,0,False,False,False
983,5,3,right,0,0,2,3,1,0,0,1,1,1,0,0,0,False,False,False
984,1,1,left,0,1,3,2,1,1,1,0,0,1,0,1,1,True,True,False
985,1,1,right,0,1,3,2,1,1,1,0,0,1,0,1,1,True,True,False
986,1,2,left,0,1,3,2,1,1,1,0,0,1,0,1,1,True,True,False
987,1,2,right,0,1,3,2,1,1,1,0,0,1,0,1,1,True,True,False
988,1,3,left,0,1,3,2,1,1,1,0,0,1,0,1,1,True,True,False
989,1,3,right,0,1,3,2,1,1,1,0,0,1,0,1,1,True,True,False
990,2,1,left,0,1,3,2,1,1,1,0,0,1,0,1,1,True,True,False
991,2,1,right,0,1,3,2,1,1,1,0,0,1,0,1,1,True,True,False
992,2,2,left,0,1,3,2,1,1,1,0,0,1,0,1,1,True,True,False
993,2,2,right,0,1,3,2,1,1,1,0,0,1,0,1,1,True,True,False
994,2,3,left,0,1,3,2,1,1,1,0,0,1,0,1,1,True,True,False
995,2,3,right,0,1,3,2,1,1,1,0,0,1,0,1,1,True,True,False
996,3,1,left,0,1,3,2,1,1,1,0,0,1,0,1,1,True,True,False
997,3,1,right,0,1,3,2,1,1,1,0,0,1,0,1,1,True,True,False
998,3,2,left,0,1,3,2,1,1,1,0,0,1,0,1,1,True,True,False
999,3,2,right,0,1,3,2,1,1,1,0,0,1,0,1,1,True,True,False
1000,3,3,left,0,1,3,2,1,1,1,0,0,1,0,1,1,True,True,False
1001,3,3,right,0,1,3,2,1,1,1,0,0,1,0,1,1,True,True,False
1002,5,1,left,0,1,3,2,1,1,1,0,0,1,0,1,1,True,True,False
1003,5,1,right,0,1,3,2,1,1,1,0,0,1,0,1,1,True,True,False
1004,5,2,left,0,1,3,2,1,1,1,0,0,1,0,1,1,True,True,False
1005,5,2,right,0,1,3,2,1,1,1,0,0,1,0,1,1,True,True,False
1006,5,3,left,0,1,3,2,1,1,1,0,0,1,0,1,1,True,True,False
1007,5,3,right,0,1,3,2,1,1,1,0,0,1,0,1,1,True,True,False
1008,1,1,left,1,2,1,1,1,0,1,0,0,1,0,1,0,True,True,False
1009,1,1,right,1,2,1,1,1,0,1,0,0,1,0,1,0,True,True,False
1010,1,2,left,1,2,1,1,1,0,1,0,0,1,0,1,0,True,True,True
1011,1,2,right,1,2,1,1,1,0,1,0,0,1,0,1,0,True,True,True
1012,1,3,left,1,2,1,1,1,0,1,0,0,1,0,1,0,True,True,True
1013,1,3,right,1,2,1,1,1,0,1,0,0,1,0,1,0,True,True,True
1014,2,1,left,1,2,1,1,1,0,1,0,0,1,0,1,0,True,True,False
1015,2,1,right,1,2,1,1,1,0,1,0,0,1,0,1,0,True,True,False
1016,2,2,left,1,2,1,1,1,0,1,0,0,1,0,1,0,True,True,False
1017,2,2,right,1,2,1,1,1,0,1,0,0,1,0,1,0,True,True,False
1018,2,3,left,1,2,1,1,1,0,1,0,0,1,0,1,0,True,True,True
1019,2,3,right,1,2,1,1,1,0,1,0,0,1,0,1,0,True,True,True
1020,3,1,left,1,2,1,1,1,0,1,0,0,1,0,1,0,True,True,False
1021,3,1,right,1,2,1,1,1,0,1,0,0,1,0,1,0,True,True,False
1022,3,2,left,1,2,1,1,1,0,1,0,0,1,0,1,0,True,True,False
1023,3,2,right,1,2,1,1,1,0,1,0,0,1,0,1,0,True,True,False
1024,3,3,left,1,2,1,1,1,0,1,0,0,1,0,1,0,True,True,True
1025,3,3,right,1,2,1,1,1,0,1,0,0,1,0,1,0,True,True,True
1026,5,1,left,1,2,1,1,1,0,1,0,0,1,0,1,0,True,True,False
1027,5,1,right,1,2,1,1,1,0,1,0,0,1,0,1,0,True,True,False
1028,5,2,left,1,2,1,1,1,0,1,0,0,1,0,1,0,True,True,False
1029,5,2,right,1,2,1,1,1,0,1,0,0,1,0,1,0,True,True,False
1030,5,3,left,1,2,1,1,1,0,1,0,0,1,0,1,0,True,True,True
1031,5,3,right,1,2,1,1,1,0,1,0,0,1,0,1,0,True,True,True
1032,1,1,left,1,2,0,0,0,1,0,1,1,0,1,0,0,True,True,True
1033,1,1,right,1,2,0,0,0,1,0,1,1,0,1,0,0,True,True,True
1034,1,2,left,1,2,0,0,0,1,0,1,1,0,1,0,0,True,True,True
1035,1,2,right,1,2,0,0,0,1,0,1,1,0,1,0,0,True,True,True
1036,1,3,left,1,2,0,0,0,1,0,1,1,0,1,0,0,True,True,True
1037,1,3,right,1,2,0,0,0,1,0,1,1,0,1,0,0,True,True,True
1038,2,1,left,1,2,0,0,0,1,0,1,1,0,1,0,0,True,True,True
1039,2,1,right,1,2,0,0,0,1,0,1,1,0,1,0,0,True,True,True
1040,2,2,left,1,2,0,0,0,1,0,1,1,0,1,0,0,True,True,True
1041,2,2,right,1,2,0,0,0,1,0,1,1,0,1,0,0,True,True,True
1042,2,3,left,1,2,0,0,0,1,0,1,1,0,1,0,0,True,True,True
1043,2,3,right,1,2,0,0,0,1,0,1,1,0,1,0,0,True,True,True
1044,3,1,left,1,2,0,0,0,1,0,1,1,0,1,0,0,True,True,True
1045,3,1,right,1,2,0,0,0,1,0,1,1,0,1,0,0,True,True,True
1046,3,2,left,1,2,0,0,0,1,0,1,1,0,1,0,0,True,True,True
1047,3,2,right,1,2,0,0,0,1,0,1,1,0,1,0,0,True,True,True
1048,3,3,left,1,2,0,0,0,1,0,1,1,0,1,0,0,True,True,True
1049,3,3,right,1,2,0,0,0,1,0,1,1,0,1,0,0,False,True,True
1050,5,1,left,1,2,0,0,0,1,0,1,1,0,1,0,0,True,True,True
1051,5,1,right,1,2,0,0,0,1,0,1,1,0,1,0,0,True,True,True
1052,5,2,left,1,2,0,0,0,1,0,1,1,0,1,0,0,True,True,True
1053,5,2,right,1,2,0,0,0,1,0,1,1,0,1,0,0,True,True,True
1054,5,3,left,1,2,0,0,0,1,0,1,1,0,1,0,0,True,True,True
1055,5,3,right,1,2,0,0,0,1,0,1,1,0,1,0,0,True,True,True
1056,1,1,left,0,2,3,4,1,1,1,1,0,1,0,0,1,False,True,True
1057,1,1,right,0,2,3,4,1,1,1,1,0,1,0,0,1,True,True,True
1058,1,2,left,0,2,3,4,1,1,1,1,0,1,0,0,1,False,True,True
1059,1,2,right,0,2,3,4,1,1,1,1,0,1,0,0,1,True,True,True
1060,1,3,left,0,2,3,4,1,1,1,1,0,1,0,0,1,False,True,True
1061,1,3,right,0,2,3,4,1,1,1,1,0,1,0,0,1,True,True,True
1062,2,1,left,0,2,3,4,1,1,1,1,0,1,0,0,1,False,True,True
1063,2,1,right,0,2,3,4,1,1,1,1,0,1,0,0,1,False,True,True
1064,2,2,left,0,2,3,4,1,1,1,1,0,1,0,0,1,False,True,True
1065,2,2,right,0,2,3,4,1,1,1,1,0,1,0,0,1,True,True,True
1066,2,3,left,0,2,3,4,1,1,1,1,0,1,0,0,1,False,True,True
1067,2,3,right,0,2,3,4,1,1,1,1,0,1,0,0,1,False,True,True
1068,3,1,left,0,2,3,4,1,1,1,1,0,1,0,0,1,True,True,True
1069,3,1,right,0,2,3,4,1,1,1,1,0,1,0,0,1,False,True,True
1070,3,2,left,0,2,3,4,1,1,1,1,0,1,0,0,1,False,True,True
1071,3,2,right,0,2,3,4,1,1,1,1,0,1,0,0,1,False,True,True
1072,3,3,left,0,2,3,4,1,1,1,1,0,1,0,0,1,False,True,True
1073,3,3,right,0,2,3,4,1,1,1,1,0,1,0,0,1,False,True,True
1074,5,1,left,0,2,3,4,1,1,1,1,0,1,0,0,1,False,True,True
1075,5,1,right,0,2,3,4,1,1,1,1,0,1,0,0,1,True,True,True
1076,5,2,left,0,2,3,4,1,1,1,1,0,1,0,0,1,False,True,True
1077,5,2,right,0,2,3,4,1,1,1,1,0,1,0,0,1,False,True,True
1078,5,3,left,0,2,3,4,1,1,1,1,0,1,0,0,1,False,True,True
1079,5,3,right,0,2,3,4,1,1,1,1,0,1,0,0,1,False,True,True
1080,1,1,left,0,2,2,2,1,0,0,0,0,1,0,1,0,True,True,True
1081,1,1,right,0,2,2,2,1,0,0,0,0,1,0,1,0,True,True,True
1082,1,2,left,0,2,2,2,1,0,0,0,0,1,0,1,0,True,True,True
1083,1,2,right,0,2,2,2,1,0,0,0,0,1,0,1,0,True,True,True
1084,1,3,left,0,2,2,2,1,0,0,0,0,1,0,1,0,True,True,True
1085,1,3,right,0,2,2,2,1,0,0,0,0,1,0,1,0,True,True,True
1086,2,1,left,0,2,2,2,1,0,0,0,0,1,0,1,0,True,True,True
1087,2,1,right,0,2,2,2,1,0,0,0,0,1,0,1,0,True,True,True
1088,2,2,left,0,2,2,2,1,0,0,0,0,1,0,1,0,True,True,True
1089,2,2,right,0,2,2,2,1,0,0,0,0,1,0,1,0,True,True,True
1090,2,3,left,0,2,2,2,1,0,0,0,0,1,0,1,0,True,True,False
1091,2,3,right,0,2,2,2,1,0,0,0,0,1,0,1,0,True,True,False
1092,3,1,left,0,2,2,2,1,0,0,0,0,1,0,1,0,False,True,False
1093,3,1,right,0,2,2,2,1,0,0,0,0,1,0,1,0,True,True,False
1094,3,2,left,0,2,2,2,1,0,0,0,0,1,0,1,0,True,True,False
1095,3,2,right,0,2,2,2,1,0,0,0,0,1,0,1,0,True,True,False
1096,3,3,left,0,2,2,2,1,0,0,0,0,1,0,1,0,True,True,False
1097,3,3,right,0,2,2,2,1,0,0,0,0,1,0,1,0,True,True,False
1098,5,1,left,0,2,2,2,1,0,0,0,0,1,0,1,0,True,True,True
1099,5,1,right,0,2,2,2,1,0,0,0,0,1,0,1,0,True,True,True
1100,5,2,left,0,2,2,2,1,0,0,0,0,1,0,1,0,True,True,True
1101,5,2,right,0,2,2,2,1,0,0,0,0,1,0,1,0,True,True,True
1102,5,3,left,0,2,2,2,1,0,0,0,0,1,0,1,0,True,True,True
1103,5,3,right,0,2,2,2,1,0,0,0,0,1,0,1,0,True,True,True
